review_index,review,true_labels,predicted_labels
1,"game thấy mình đánh hay toàn ghép chung với tụi gà không sao mà gánh nổi, 1vs9 sao mà đánh.","[0, 2, 0, 0, 0, 0, 0, 2, 0, 0]","[0, 2, 0, 0, 0, 0, 0, 2, 0, 0]"
2,tranh lane được mvp ra tố cáo không phát hiện vi phạm tôi quá thất vọng về game,"[0, 2, 0, 0, 2, 2, 0, 2, 0, 0]","[0, 2, 0, 0, 2, 2, 0, 2, 0, 0]"
3,"gắn bó với game cũng đã lâu và đầu tư rất nhiều tài nguyên vào game vì bản thân tôi thật sự khá thích game. tuy nhiên sau phiên bản cập nhật sinh nhật 9 tuổi thì tài khoản game tôi đang chơi lại bị mất trang phục, cụ thể là những trang phục trước đây sở hữu nhưng sau cập nhật thì lại không còn sở hữu nữa. các trang phục mất toàn là những bộ được mua từ shop và lấy từ sự kiện chung sức. đã đề đơn hỗ trợ cho bên phía hỗ trợ rồi mà tới giờ vẫn chưa có giải quyết. thật sự là quá thất vọng.","[0, 0, 0, 2, 0, 2, 0, 0, 0, 0]","[2, 0, 0, 2, 0, 2, 1, 0, 0, 0]"
4,sao không cho đăng nhập bằng facebook nữa,"[0, 0, 0, 2, 0, 0, 0, 0, 0, 0]","[0, 0, 0, 2, 0, 0, 0, 0, 0, 0]"
5,tôi cập nhật xong mất tài khoản luôn đang rank tệ hại anh,"[0, 0, 0, 2, 0, 0, 0, 0, 0, 0]","[0, 0, 0, 2, 0, 0, 0, 0, 0, 0]"
6,"ghép lệch rank vô cùng, 50 mấy sao gặp 10 mấy sao, tệ hại","[0, 2, 0, 0, 0, 0, 0, 0, 0, 0]","[0, 2, 0, 0, 0, 0, 0, 2, 0, 0]"
7,"tối ưu tệ hại, máy chơi genshin, delta, v.v thì bình thường mà chơi liên quân thì lại bị lag? nếu là vấn đề mạng máy thì những game kia nặng hơn tại sao không lag. làm ơn tối ưu lại cho nó mượt dùm chứ 4g người ta đang mạnh mà đánh game các ông cứ như 3g thì ảnh hưởng trải nghiệm lắm","[0, 0, 0, 2, 0, 2, 0, 0, 0, 0]","[0, 0, 0, 2, 0, 2, 0, 0, 0, 0]"
8,game gì đang có lỗi bị lag cũng không thèm fix vô trận ping 17 18 mà vẫn lag như ping 200,"[0, 0, 0, 2, 0, 2, 0, 0, 0, 0]","[0, 0, 0, 2, 0, 2, 0, 0, 0, 0]"
9,chơi càng ngày làm sao tranh lean báo cáo lại không bị trừ còn trong team afk 2 3 người lại bị trừ sao lỗi nhiều đang chuẩn bị vô trận lại kêu đang kết nối vô để đăng nhập thì lại kêu là lỗi do mạng do đường dây không vô được mong nhà sản xuất sửa lại,"[0, 2, 0, 2, 2, 2, 0, 2, 0, 0]","[0, 2, 0, 2, 0, 2, 0, 0, 0, 0]"
10,"sự kiện bắn bị khó vô cùng, nhờ bạn giúp thì chỉ được cho 2 sao, ghép rank thì ghép kiểu gì mà vô trận nào cũng thua, tôi thua cả một tháng luôn","[0, 2, 0, 0, 0, 0, 1, 0, 0, 2]","[0, 2, 0, 0, 0, 0, 0, 0, 0, 0]"
11,game còn khá nhiều hạn chế,"[0, 0, 0, 0, 0, 0, 0, 0, 0, 0]","[0, 0, 0, 0, 2, 0, 0, 0, 0, 0]"
12,"tính năng ghép quá chán team bạn thì cục top miền , top việt còn team mình thì toang phá ý thức kém game quá lag , tuy thanh vô trận đầy nhưng lại không vô được bị trừ uy tín lẫn sao sự kiện chung sức thì khó cho mấy người chơi 1 tài khoản thì không làm được nhiều , nhiều lần không nhận được skin","[0, 2, 0, 2, 2, 0, 2, 2, 0, 0]","[0, 2, 0, 2, 2, 0, 0, 2, 0, 0]"
13,game cơ chế ghép trận tệ hại,"[0, 2, 0, 0, 0, 0, 0, 0, 0, 0]","[0, 2, 0, 0, 0, 0, 0, 0, 0, 0]"
14,"không có ý gì đâu mà gà nên cho một cái trận test kĩ năng để lọc người chơi đi chứ toàn mấy bạn không có não chơi thì game nó không có chất lượng đâu, vô toàn là mấy bạn tệ hại thì em chịu rồi ạ.","[0, 2, 0, 0, 1, 0, 0, 2, 0, 0]","[0, 0, 0, 0, 0, 2, 0, 2, 0, 0]"
15,game xếp trận như tệ hại tệ hại toàn hack map với buff bẩn chơi chán vô cùng ra,"[0, 2, 0, 2, 0, 0, 0, 2, 0, 0]","[0, 2, 0, 2, 0, 0, 0, 2, 0, 0]"
16,tệ hại,"[0, 0, 0, 0, 0, 0, 0, 0, 0, 0]","[0, 0, 0, 0, 0, 0, 0, 0, 0, 0]"
17,game server tồi quá mà bất tải dữ liệu cái đội ngũ nhà phát hành tệ hại xếp trận thì 10 ván xếp chung với afk không thì phế vật gì không,"[0, 2, 0, 2, 0, 2, 0, 2, 0, 0]","[0, 2, 0, 2, 2, 2, 0, 2, 0, 0]"
18,sau khi cập nhật xong thì có lag lát vô cùng luôn mỗi lần vào trận lag bị văng ra vô lại cũng không được đã vậy còn lag mạng đầy luôn vậy mà lag mong khắc phục cho chơi nữa,"[0, 0, 0, 2, 0, 2, 0, 0, 0, 0]","[0, 0, 0, 2, 0, 1, 0, 0, 0, 0]"
19,game tệ hại tỉ lệ gặp hack cao vô cùng để game 18 mà toàn là thiếu nhi gặp hack tố cáo không được,"[0, 0, 0, 2, 0, 2, 0, 2, 0, 0]","[0, 2, 0, 2, 2, 2, 0, 2, 0, 0]"
20,vui lòng sửa lại cơ chế trừ uy tín,"[0, 0, 0, 0, 2, 2, 0, 0, 0, 0]","[0, 0, 0, 0, 2, 1, 0, 0, 0, 0]"
21,đăng garena bị trắng tinh không đăng nhập được,"[0, 0, 0, 2, 0, 0, 0, 0, 0, 0]","[0, 0, 0, 2, 0, 0, 0, 0, 0, 0]"
22,"lúc tao tải về , tải được nhiều rồi xong rồi game nó mượt , xong tao xóa đi một cái, là game nó trở mặt liền liền cho tao lag luôn game hút máu ít thôi lag cả điện thoại của tao luôn","[0, 0, 2, 2, 0, 0, 0, 0, 0, 0]","[0, 0, 2, 2, 0, 0, 0, 0, 0, 0]"
23,"game quá nặng, tướng kế bên không đánh được toàn đánh lính","[0, 0, 0, 2, 2, 0, 0, 0, 2, 0]","[0, 0, 0, 2, 2, 0, 0, 0, 0, 0]"
24,tệ hại của xã hội,"[0, 0, 0, 0, 0, 0, 0, 0, 0, 0]","[0, 0, 0, 0, 0, 0, 0, 0, 0, 0]"
25,vui vừa hhee nhưng không có quân huy,"[0, 0, 2, 0, 0, 0, 0, 0, 0, 0]","[0, 0, 2, 2, 0, 0, 0, 0, 0, 0]"
26,"dung lượng tải thấp mà dung lượng tải tài nguyên trong game quá cao, chơi rank thì toàn gặp bọn tệ hại chơi 5 trận rank mà thua 3 trận đã thế chiêu còn bị lỗi chỉa chiêu vào địch mà lại bay sang lính hụt hết combo chẳng thể nào mà giao tranh với lên top tướng được","[0, 2, 0, 2, 2, 0, 0, 2, 0, 0]","[0, 2, 0, 2, 2, 0, 0, 2, 0, 0]"
27,game toàn xếp chung team với tệ hại,"[0, 2, 0, 0, 0, 0, 0, 2, 0, 0]","[0, 2, 0, 0, 0, 0, 0, 0, 0, 0]"
28,game thì cũng được nhưng mà cộng đồng tệ hại với tệ hại hơn ff. cảm giác tệ hại muốn chơi nữa.,"[0, 0, 0, 0, 0, 0, 0, 2, 0, 0]","[0, 0, 0, 0, 0, 0, 0, 2, 0, 0]"
29,không vào được cứ bảo lỗi,"[0, 0, 0, 2, 0, 0, 0, 0, 0, 0]","[0, 0, 0, 2, 0, 0, 0, 0, 0, 0]"
30,chơi tổ hợp mà cứ bị trừ điểm uy tín,"[0, 0, 0, 0, 2, 0, 0, 0, 0, 0]","[0, 0, 0, 0, 2, 0, 0, 0, 0, 0]"
31,bản cập nhật mới cách xếp trận cứ sao sao ý đánh rõ là hay mà ra xem lại còn thấp hơn đứa phế nhất team mong xem xét lại chứ như này khó leo rank,"[0, 0, 0, 0, 2, 1, 0, 0, 0, 0]","[0, 2, 0, 0, 0, 1, 0, 0, 0, 0]"
32,game không phân biệt được đường chính với phụ à thứ tệ hại gì đây,"[0, 0, 0, 0, 2, 0, 0, 0, 0, 0]","[0, 0, 0, 0, 2, 0, 0, 0, 0, 0]"
33,"game hay nhưng chỉ cho 3 sao vì có nhiều phá game,hack,buff bẩn rồi afk tùm lum ... nhưng mong nhà phát hành sẽ cho chơi trên giả lập vì tôi không có điện thoại","[0, 0, 0, 0, 0, 1, 0, 2, 0, 0]","[0, 0, 0, 2, 0, 1, 0, 2, 0, 0]"
34,"game riết làm ăn tệ hại, rank đơn mà 4x ghép với 3 cao thủ rồi chơi kiểu vô cùng được? có cơ chế ghép rank thôi còn tệ hại ổn thì chơi bời làm sao, bảo sao càng ngày càng nát","[0, 2, 0, 0, 0, 2, 0, 0, 0, 0]","[0, 2, 0, 0, 0, 2, 0, 0, 0, 0]"
35,thực sự liên quân càng ngày càng chán vì suốt ngày bắt cập nhật lag máy xong bị văng ra . nhiều khi đang chơi lag vô cùng văng ra xong trừ 10 uy tín,"[0, 0, 0, 2, 2, 0, 0, 0, 0, 0]","[0, 0, 0, 2, 2, 0, 0, 0, 0, 0]"
36,"chỉnh sửa tướng như tệ hại, con cần giảm không giảm con mu đã mạnh còn tăng sức mạnh con không hiểu cân bằng game kiểu gì. đường mid không tăng vàng, lí yếu không tăng, yue mạnh rồi còn tăng, cập nhật giao diện shop xấu và cấm chọn xấu","[2, 2, 0, 0, 2, 0, 0, 0, 2, 0]","[0, 0, 0, 0, 2, 2, 0, 0, 2, 0]"
37,"game tệ hại. thứ nhất hạn chế chat, thứ 2 xử lý những thành phần phá game còn qua loa ảnh hưởng lớn đến những người muốn trải nghiệm game và gây ức chế.","[0, 0, 0, 0, 0, 2, 0, 2, 0, 0]","[0, 0, 0, 0, 2, 2, 0, 2, 0, 0]"
38,càng ngày càng tệ hại,"[0, 0, 0, 0, 0, 0, 0, 0, 0, 0]","[0, 0, 0, 0, 0, 0, 0, 0, 0, 0]"
39,"trải nghiệm tệ toàn phá game , đánh ngu , afk, không có ván nào bình yên","[0, 0, 0, 0, 0, 0, 0, 2, 0, 0]","[0, 0, 0, 0, 0, 0, 0, 2, 0, 0]"
40,game ngày càng tệ,"[0, 0, 0, 0, 0, 0, 0, 0, 0, 0]","[0, 0, 0, 0, 0, 0, 0, 0, 0, 0]"
41,chơi game toàn bị văng mà chỉnh thì chỉnh xuống thấp mong sửa chứ cứ vào trận và bị văng rồi xong còn bị trừ uy tín văng lúc đó còn feed một đống cho team địch đi nói chung là sửa lại hộ cái,"[0, 0, 0, 2, 2, 2, 0, 0, 0, 0]","[0, 0, 0, 2, 2, 2, 0, 0, 0, 0]"
42,game,"[0, 0, 0, 0, 0, 0, 0, 0, 0, 0]","[0, 0, 0, 0, 0, 0, 0, 0, 0, 0]"
43,game tệ hại hack búp bẩn đầy thua bị nhân vật kia chửi rất khó chịu,"[0, 0, 0, 2, 2, 0, 0, 2, 0, 0]","[0, 2, 0, 2, 0, 0, 0, 2, 0, 0]"
44,lỗi game người ta vào được tôi vào hiện mã gì đấy xong bị đẩy ra????,"[0, 0, 0, 2, 0, 0, 0, 0, 0, 0]","[0, 0, 0, 2, 0, 0, 0, 0, 0, 0]"
45,"game thì không cải thiện, để tình trạng hack, buff bẩn tràn lan. tố cáo như không. máy chủ lỗi đang vào game thì văng xong lại đi trừ điểm người chơi. game đúng tệ hại.","[0, 0, 0, 2, 0, 2, 0, 2, 0, 0]","[0, 0, 0, 2, 2, 2, 0, 2, 0, 0]"
46,tôi cho 2 sao thôi vì lúc tôi vô game thì nó cứ hiện ra hình của mấy con tướng .và tôi đợi rất lâu để bình thường lại mà không có phản ứng gì mong trò chơi sửa lại,"[0, 0, 0, 2, 0, 2, 0, 0, 0, 0]","[0, 0, 0, 2, 0, 2, 0, 0, 0, 0]"
47,cứ bắt ghép mấy thằng phế vật mà bên team bạn toàn xịn đúng game tệ hại,"[0, 2, 0, 0, 0, 0, 0, 2, 0, 0]","[0, 2, 0, 0, 0, 0, 0, 2, 0, 0]"
48,cập nhật xong quá tệ hại chơi lag chán luôn,"[0, 0, 0, 2, 0, 0, 0, 0, 0, 0]","[0, 0, 0, 2, 0, 0, 0, 0, 0, 0]"
49,tại sao bọn mày không đặt ảnh đại diện là violet?,"[1, 0, 0, 0, 0, 0, 0, 0, 1, 0]","[0, 0, 0, 0, 0, 0, 0, 0, 0, 0]"
50,hack map nhiều quá rồi,"[0, 0, 0, 2, 0, 0, 0, 2, 0, 0]","[0, 0, 0, 2, 0, 0, 0, 2, 0, 0]"
51,game bây giờ quá nát toàn phá rank và hợp tác đến phim cho trẻ con luôn rồi à???,"[0, 2, 0, 0, 0, 0, 0, 2, 0, 0]","[0, 0, 0, 0, 0, 0, 0, 2, 0, 0]"
52,bị trận ảo hoài luôn á nói chung game tệ hại,"[0, 2, 0, 0, 0, 0, 0, 0, 0, 0]","[0, 2, 0, 0, 0, 0, 0, 0, 0, 0]"
53,game càng ngày càng chán .. toàn bị trừ uy tín oan vì đồng đội cướp lane,"[0, 2, 0, 0, 2, 0, 0, 2, 0, 0]","[0, 2, 0, 0, 2, 0, 0, 2, 0, 0]"
54,quá lỗi,"[0, 0, 0, 2, 0, 0, 0, 0, 0, 0]","[0, 0, 0, 2, 0, 0, 0, 0, 0, 0]"
55,game lag như gì toàn thành phần phá game báo cáo nhảm tệ hại mà cũng trừ vào uy tín toàn mấy thằng ngáo ném đá,"[0, 0, 0, 2, 2, 0, 0, 2, 0, 0]","[0, 2, 0, 2, 2, 0, 0, 2, 0, 0]"
56,game hay nhưng vũ bảo ăn masala nên được 1 sao,"[0, 0, 0, 0, 0, 2, 0, 0, 0, 0]","[0, 0, 0, 0, 0, 0, 0, 0, 0, 0]"
57,"đang chơi thì bị văng, dù cố gắng vào lại liền nhưng mà tải rất chậm. sau đó tính là tôi afk luôn? má game tệ hại","[0, 0, 0, 2, 2, 0, 0, 0, 0, 0]","[0, 0, 0, 2, 2, 0, 0, 0, 0, 0]"
58,tôi bắt đầu thấy khó chịu cái phần tố cáo rồi đấy .vô cùng cái gì mà không giao tranh tổng cũng bị trừ uy tín tôi mất công lắm mới cố lết lên được 90 uy tín để chơi đấu hạng mà cũng bị bọn kia nó tố cáo cho là không giao tranh tổng ?? tôi bực vô cùng luôn ấy . game mang tính giải trí nhưng càng chơi càng thấy bực và cáu hơn chứ ở đấy mà giải trí nói chung là chán không nói hết được nhược điểm của game này luôn đấy game mà không xem xét lại phản hồi của mọi người ấy thì thôi tốt nhất là tự làm và tự chơi,"[0, 0, 0, 0, 2, 2, 0, 2, 0, 0]","[0, 0, 0, 0, 2, 2, 0, 2, 0, 0]"
59,má tải xong tài nguyên cái bắt người ta tải lại tệ hại có phải 1 lần đâu khoảng 5 6 lần má lag chết mẹ tệ hại cay quá cho 1 sao mong garena liên quân khắc phục,"[0, 0, 0, 2, 0, 1, 0, 0, 0, 0]","[0, 0, 0, 2, 0, 1, 0, 0, 0, 0]"
60,game ghép như tệ hại ghép team toàn lũ tư duy thua thằng cấp 1 đại cao thủ 1 ghép cùng 4 5 sao mười mấy sao toàn rõ thế cũng nể nể nể,"[0, 2, 0, 0, 0, 0, 0, 2, 0, 0]","[0, 2, 0, 0, 0, 0, 0, 2, 0, 0]"
61,toàn phá game,"[0, 0, 0, 0, 0, 0, 0, 2, 0, 0]","[0, 0, 0, 0, 0, 0, 0, 2, 0, 0]"
62,"game ghép trận ngáo vô cùng, team tệ hại, hệ thống tố cáo có cũng như không","[0, 2, 0, 0, 2, 2, 0, 2, 0, 0]","[0, 2, 0, 0, 2, 0, 0, 2, 0, 0]"
63,game hay nhưng ghép trận tệ hại,"[0, 2, 0, 0, 0, 0, 0, 0, 0, 0]","[0, 2, 0, 0, 0, 0, 0, 0, 0, 0]"
64,tệ hại gà trả 710qhh,"[0, 0, 0, 0, 0, 2, 0, 0, 0, 0]","[0, 0, 0, 0, 0, 2, 0, 0, 0, 0]"
65,ghép trận không đều lúc thì team mạnh lúc thì ghép toàn team yếu ức chế ....,"[0, 2, 0, 0, 0, 0, 0, 0, 0, 0]","[0, 2, 0, 0, 0, 0, 0, 2, 0, 0]"
66,đề nghị garena tặng free skin 3 sao đi chứ mấy skin rẻ rách này ai chơi,"[2, 0, 2, 0, 0, 2, 0, 0, 0, 0]","[1, 0, 0, 0, 0, 1, 0, 0, 0, 0]"
67,"tạo tài khoản lần nào chơi cũng mất, chơi game hơn 2 năm rồi mỗi lần tạo tài khoản chơi, là chỉ chơi được 1 2 tháng chứ không được lâu chịu","[0, 0, 0, 2, 0, 0, 0, 0, 0, 0]","[0, 0, 0, 2, 0, 0, 0, 0, 0, 0]"
68,"game tệ hại toàn gặp con nít, qua chơi mobile legend sướng gấp 100 lần","[0, 0, 0, 0, 0, 0, 0, 2, 0, 0]","[0, 0, 0, 0, 0, 0, 0, 2, 0, 0]"
69,cho krixi phù thủy thời không 4000 quân huy thì chơi 5 sao tại hết tiền rồi,"[0, 0, 2, 0, 0, 0, 0, 0, 1, 0]","[0, 0, 2, 0, 0, 0, 0, 0, 0, 0]"
70,sao hay bị lagggg,"[0, 0, 0, 2, 0, 0, 0, 0, 0, 0]","[0, 0, 0, 0, 0, 0, 0, 0, 0, 0]"
71,người ta chơi uy tín mà hay bị tố cáo mệt,"[0, 0, 0, 0, 2, 0, 0, 2, 0, 0]","[0, 0, 0, 0, 2, 0, 0, 2, 0, 0]"
72,game khá hay nên chơi,"[0, 0, 0, 0, 0, 0, 0, 0, 0, 0]","[0, 0, 0, 0, 0, 0, 0, 0, 0, 0]"
73,"chơi cũng hay nhưng cứ đấu thường là gặp afk, treo máy... chơi 1 trận hết 3 đứa treo rồi. yêu cầu xử phạt nặng","[0, 1, 0, 0, 0, 2, 0, 2, 0, 0]","[0, 2, 0, 0, 2, 2, 0, 2, 0, 0]"
74,không vô game được,"[0, 0, 0, 2, 0, 0, 0, 0, 0, 0]","[0, 0, 0, 2, 0, 0, 0, 0, 0, 0]"
75,chơi được nhưng lâu lâu bị văng game,"[0, 0, 0, 2, 0, 0, 0, 0, 0, 0]","[0, 0, 0, 2, 0, 0, 0, 0, 0, 0]"
76,game nghe nói có nhiều buff bẩn hack map nhưng buff bẩn mình gặp rồi hack map thì không nhưng game không biết kiểu gì 2 thằng afk vẫn trừ sao,"[0, 2, 0, 0, 0, 0, 0, 2, 0, 0]","[0, 2, 0, 2, 0, 0, 0, 2, 0, 0]"
77,đang chơi mà cứ lỗi mạng bất định xong out. vậy sao chơi,"[0, 0, 0, 2, 0, 0, 0, 0, 0, 0]","[0, 0, 0, 2, 0, 0, 0, 0, 0, 0]"
78,game tệ hại,"[0, 0, 0, 0, 0, 0, 0, 0, 0, 0]","[0, 0, 0, 0, 0, 0, 0, 0, 0, 0]"
79,game chơi tí trừ uy tín. có người khác vào tài khoản lúc đang chơi cũng trừ game tệ hại,"[0, 0, 0, 0, 2, 0, 0, 0, 0, 0]","[0, 0, 0, 2, 2, 0, 0, 0, 0, 0]"
80,ghép trận quá tệ mong nhà phát hành cải thiện hơn,"[0, 2, 0, 0, 0, 1, 0, 0, 0, 0]","[0, 2, 0, 0, 0, 1, 0, 0, 0, 0]"
81,bị mù à bọn nó chơi như người thực vật lao lên cống mạng tố cáo lại không bị gì??????,"[0, 0, 0, 0, 2, 2, 0, 2, 0, 0]","[0, 0, 0, 0, 2, 2, 0, 2, 0, 0]"
82,cũng cũng,"[0, 0, 0, 0, 0, 0, 0, 0, 0, 0]","[0, 0, 0, 0, 0, 0, 0, 0, 0, 0]"
83,"máy tôi không phải là máy yếu nhưng chơi game này vẫn lag , văng game nhiều , chơi nhiều game khác đồ họa cao có khi hơn liên quân mà chơi không lag một tí nào","[1, 0, 0, 2, 0, 0, 0, 0, 0, 0]","[2, 0, 0, 2, 0, 0, 0, 0, 0, 0]"
84,"đẻ ra cái hệ thống phân lane ngu vô cùng, chọn lane chính mà toàn bị đẩy đi lane phụ","[0, 0, 0, 0, 2, 0, 0, 0, 0, 0]","[0, 2, 0, 0, 2, 0, 0, 2, 0, 0]"
85,game dạo lag và nát hơn hồi đó,"[0, 0, 0, 2, 0, 0, 0, 0, 0, 0]","[0, 0, 0, 2, 0, 0, 0, 0, 0, 0]"
86,"shop đá quý như tệ hại, skin cho rồi mà còn đòi lại","[0, 0, 2, 0, 0, 0, 0, 0, 0, 0]","[1, 0, 2, 0, 0, 0, 0, 0, 0, 0]"
87,cơ chế ghép người với server à sao team tệ hại thế t xin garena ấy chỉ xin mày đổi cơ chế ghép thôi t xin đấy,"[0, 2, 0, 0, 0, 2, 0, 2, 0, 0]","[0, 2, 0, 0, 0, 2, 0, 2, 0, 0]"
88,"game càng ngày càng chán ghép như tệ hại, thêm cả đống skin cho tốn dung lượng, đề nghị xóa bớt skin không cần thiết, như skin nàng tiên gạo của yue","[2, 2, 0, 2, 0, 2, 0, 0, 1, 0]","[1, 2, 0, 2, 0, 2, 0, 0, 0, 0]"
89,"ghép đấu ngu như tệ hại, game tệ hại vô cùng rank 3x ghép team đánh như kim cương","[0, 2, 0, 0, 0, 0, 0, 0, 0, 0]","[0, 2, 0, 0, 0, 0, 0, 2, 0, 0]"
90,sự kiện chung sức bị sao vậy? tặng cái nguyên tố mà nó ghi là sai hoặc hết hạn là sao chưa đến 1 phút là hết hạn hả,"[0, 0, 0, 2, 0, 0, 2, 0, 0, 0]","[0, 0, 0, 0, 0, 0, 1, 0, 0, 0]"
91,"vào trận trễ, lag điên đổi máy mới vẫn lag","[0, 0, 0, 2, 0, 0, 0, 0, 0, 0]","[0, 0, 0, 2, 0, 0, 0, 0, 0, 0]"
92,đang chơi mà bị thoát game vô cái bị trừ uy tín,"[0, 0, 0, 2, 2, 0, 0, 0, 0, 0]","[0, 0, 0, 2, 2, 0, 0, 0, 0, 0]"
93,thiên vị,"[0, 2, 0, 0, 0, 0, 0, 0, 0, 0]","[0, 0, 0, 0, 0, 0, 0, 0, 0, 0]"
94,đồng đội thì như rank đồng địch thì như thủ hơn một chục ván như vậy nản lắm rồi,"[0, 2, 0, 0, 0, 0, 0, 2, 0, 0]","[0, 2, 0, 0, 0, 0, 0, 2, 0, 0]"
95,ra quá nhiều tướng mới..rồi lại hạ thấp lực chiến của tướng cũ..chơi lâu thấy chán,"[0, 0, 0, 0, 2, 0, 0, 0, 2, 0]","[0, 0, 0, 0, 2, 0, 0, 0, 2, 0]"
96,mong game cập nhật lại uy tín không giới hạn chứ vô rồi bị văng rồi trừ uy tín rồi còn bị tố cáo phá game chắc tui xóa cho rồi rồi gặp phá game tố nó rồi mình bị trừ uy tín mong nhà phát hành cập nhật lại xin cảm ơn,"[0, 0, 0, 2, 0, 1, 0, 2, 0, 0]","[0, 0, 0, 2, 2, 1, 0, 2, 0, 0]"
97,cơ chế ghép như tệ hại gặp toàn tệ hại,"[0, 2, 0, 0, 0, 0, 0, 2, 0, 0]","[0, 2, 0, 0, 0, 0, 0, 2, 0, 0]"
98,văng game vô cùng nhiều,"[0, 0, 0, 2, 0, 0, 0, 0, 0, 0]","[0, 0, 0, 2, 0, 0, 0, 0, 0, 0]"
99,cập nhật xong còn tệ hơn trước nữa lag,"[0, 0, 0, 2, 0, 0, 0, 0, 0, 0]","[0, 0, 0, 2, 0, 0, 0, 0, 0, 0]"
100,mở các chế độ giải trí đi. có mấy chế độ giải trí mà cuối tuần cũng không mở cho người chơi,"[0, 0, 0, 0, 1, 2, 0, 0, 0, 0]","[0, 0, 0, 0, 0, 0, 0, 0, 0, 0]"
101,đăng nhập garena không được,"[0, 0, 0, 2, 0, 0, 0, 0, 0, 0]","[0, 0, 0, 2, 0, 0, 0, 0, 0, 0]"
102,con cháu lạm quyền nhà phát hành không một động thái,"[0, 0, 0, 0, 0, 2, 0, 2, 0, 0]","[0, 0, 0, 0, 0, 2, 0, 0, 0, 0]"
103,"máy tôi yếu chơi game toàn văng, game không phù hợp máy yếu","[0, 0, 0, 2, 0, 0, 0, 0, 0, 0]","[0, 0, 0, 2, 0, 0, 0, 0, 0, 0]"
104,"đề nghị fix lỗi con lorion. lỗi từ bản lò xo rồi. giờ lướt ván vẫn lỗi rất khó chịu. khi lướt lên, dùng chiêu 1, cầu nó cứ bị ở nhà, rồi dùng chiêu 1 sẽ bị khựng 1 nhịp. bình thường dùng chiêu 1 2 nhịp, nhịp 3 thu cầu. đằng này dùng chiêu 1 mất 1 nhịp đầu bị lỗi, không thấy cầu đâu, kiểu nó mới bắt đầu thu cầu từ nhà chính lên, rất khó chịu.","[0, 0, 0, 2, 2, 2, 0, 0, 2, 0]","[0, 0, 0, 2, 2, 2, 0, 0, 0, 0]"
105,"đề nghị garena xếp những thành phần biết chơi và không biết chơi,chứ ghép trận nào cũng không biết chơi từ rank kim cương tuột xuống vàng!!!","[0, 2, 0, 0, 0, 1, 0, 2, 0, 0]","[0, 2, 0, 0, 0, 2, 0, 2, 0, 0]"
106,phá game nhiều búp bẩn hack máp nhiều tố cáo không được game bây giờ chán quá game phải làm chặt hơn không để những tình trạng phá game búp bẩn hack máp nữa,"[0, 0, 0, 2, 0, 2, 0, 2, 0, 0]","[0, 2, 0, 2, 2, 2, 0, 2, 0, 0]"
107,game này hay á,"[0, 0, 0, 0, 0, 0, 0, 0, 0, 0]","[0, 0, 0, 0, 0, 0, 0, 0, 0, 0]"
108,"nút báo cáo vô dụng , hack map , server chơi game tràn lan , tranh lane các kiểu .tôi không thể hiểu sao có thể ghép được như vậy còn có các thành phần tệ hại","[0, 2, 0, 2, 0, 2, 0, 2, 0, 0]","[0, 2, 0, 2, 0, 2, 0, 2, 0, 0]"
109,đang chơi tự văng game bị trừ uy tín quá nhiều,"[0, 0, 0, 2, 2, 0, 0, 0, 0, 0]","[0, 0, 0, 2, 2, 0, 0, 0, 0, 0]"
110,cập nhật là tải lại hết. thật sự rất khó chịu. game đang phát triển cũng mong là admin đừng bỏ quên trải nghiệm của người chơi.,"[0, 0, 0, 2, 0, 2, 0, 0, 0, 0]","[0, 0, 0, 2, 0, 1, 0, 0, 0, 0]"
111,hay nhưng mà quá lag không phải do điện thoại mà là do game á chịu luôn,"[0, 0, 0, 2, 0, 0, 0, 0, 0, 0]","[0, 0, 0, 2, 0, 0, 0, 0, 0, 0]"
112,điền thông tin rồi đăng nhập không được,"[0, 0, 0, 2, 0, 0, 0, 0, 0, 0]","[0, 0, 0, 2, 0, 0, 0, 0, 0, 0]"
113,chưa hỗ trợ 120 fps cho ss26untra,"[1, 0, 0, 2, 0, 0, 0, 0, 0, 0]","[0, 0, 0, 2, 0, 0, 0, 0, 0, 0]"
114,hơn lag và giật lag,"[0, 0, 0, 2, 0, 0, 0, 0, 0, 0]","[0, 0, 0, 2, 0, 0, 0, 0, 0, 0]"
115,phá game rất nhiều,"[0, 0, 0, 0, 0, 0, 0, 2, 0, 0]","[0, 0, 0, 0, 0, 0, 0, 2, 0, 0]"
116,nếu game trở lại các mùa cũ thì vui hơn,"[0, 0, 0, 0, 1, 0, 0, 0, 0, 0]","[0, 0, 0, 0, 0, 0, 0, 0, 0, 0]"
117,"game quá tệ trong việc xử lí tố cáo và hành vi phá game, afk từ đầu đến cuối game mà không được bù sao, rất là bức xúc. đang chơi game mạng full vạch tự nhiên văng game rồi khi load lại lại trừ 20 uy tín, không còn gì để nói","[0, 2, 0, 2, 0, 2, 0, 2, 0, 0]","[0, 0, 0, 2, 2, 2, 0, 2, 0, 0]"
118,"xưa thấy chơi hay , nay thấy hơi chán chán vì chơi game đang lên rank cứ thua , mong nhà sản xuất khắc phục lỗi ạ. nhưng giờ chơi vẫn hay nên 3 sao","[0, 2, 0, 0, 0, 1, 0, 0, 0, 2]","[0, 0, 0, 2, 0, 1, 0, 0, 0, 0]"
119,"tại sao cứ ghép cho mấy đứa phá game , tệ hại rồi mấy ông già nữa, được bữa nghỉ chơi game cho giải trí mà cứ gặp mấy thể loại đó hoài , team bạn thì như game thủ","[0, 2, 0, 0, 0, 0, 0, 2, 0, 0]","[0, 2, 0, 0, 0, 0, 0, 2, 0, 0]"
120,"vô game kiểu gì cứ văng ra hoài má tôi sài ip mà cỡ vậy, game càng ngày càng phế vật, hút máu người chơi mà đến cái lỗi này không fix, đã vậy cho bọn con nít chơi toàn afk phá game, tố cáo thì không được. game tệ hại nó vừa mới đầu năm đầu tháng","[0, 0, 2, 2, 2, 2, 0, 2, 0, 0]","[0, 0, 2, 2, 2, 2, 0, 2, 0, 0]"
121,tạm chơi không văng trận,"[0, 0, 0, 1, 0, 0, 0, 0, 0, 0]","[0, 0, 0, 2, 0, 0, 0, 0, 0, 0]"
122,"hết vụ yue rồi tới cny, thiệt luôn?","[0, 0, 0, 0, 0, 0, 0, 0, 0, 0]","[0, 0, 0, 0, 2, 0, 0, 0, 0, 0]"
123,game lỗi không vô trận được còn bị trừ uy tín mong nhà phát hành sửa lỗi,"[0, 0, 0, 2, 2, 1, 0, 0, 0, 0]","[0, 0, 0, 2, 2, 1, 0, 0, 0, 0]"
124,ngày hôm nay văng game lần 3,"[0, 0, 0, 2, 0, 0, 0, 0, 0, 0]","[0, 0, 0, 2, 0, 0, 0, 0, 0, 0]"
125,"cập nhật như tệ hại, quá lag","[0, 0, 0, 2, 0, 2, 0, 0, 0, 0]","[0, 0, 0, 2, 0, 0, 0, 0, 0, 0]"
126,không phải tự nhiên mà nhiều người đánh giá 1 sao. có bao giờ lấy điện thoại tầm trung ra chơi thử không. gặp tướng địch hay giao tranh tổng nhiều khi tướng mình nó đi nơi đâu không biết. chán. có chỉnh cấu hình thấp cũng vậy,"[1, 0, 0, 2, 0, 2, 0, 0, 0, 0]","[0, 0, 0, 2, 0, 2, 0, 0, 0, 0]"
127,"chịu game, vô game tải tới 78 là treo không vô luôn","[0, 0, 0, 2, 0, 0, 0, 0, 0, 0]","[0, 0, 0, 2, 0, 0, 0, 0, 0, 0]"
128,đứng chat có tí cũng bị trừ uy tín? game tệ hại,"[0, 0, 0, 0, 2, 0, 0, 0, 0, 0]","[0, 0, 0, 0, 2, 0, 0, 0, 0, 0]"
129,ghép trận nói chung toàn ghép với lũ tệ hại phá game tải tài nguyên game xong thì bị lag,"[0, 2, 0, 2, 0, 0, 0, 2, 0, 0]","[0, 2, 0, 2, 0, 0, 0, 2, 0, 0]"
130,game gì lag vô cùng,"[0, 0, 0, 2, 0, 0, 0, 0, 0, 0]","[0, 0, 0, 2, 0, 0, 0, 0, 0, 0]"
131,toàn ghép trúng trẻ trâu,"[0, 2, 0, 0, 0, 0, 0, 2, 0, 0]","[0, 2, 0, 0, 0, 0, 0, 2, 0, 0]"
132,vô cùng game nhiều người toxic hoặc bật mic lên chửi người ta,"[0, 0, 0, 0, 0, 0, 0, 2, 0, 0]","[0, 0, 0, 0, 0, 0, 0, 2, 0, 0]"
133,đất hay,"[0, 0, 0, 0, 0, 0, 0, 0, 0, 0]","[0, 0, 0, 0, 0, 0, 0, 0, 0, 0]"
134,game chơi tạm nhưng hơn bị tốn máu,"[0, 0, 2, 0, 0, 0, 0, 0, 0, 0]","[0, 0, 2, 0, 0, 0, 0, 0, 0, 0]"
135,cập nhật xong lag còn hơn server.,"[0, 0, 0, 2, 0, 0, 0, 0, 0, 0]","[0, 0, 0, 2, 0, 0, 0, 0, 0, 0]"
136,hiện tại không vào game được???,"[0, 0, 0, 2, 0, 0, 0, 0, 0, 0]","[0, 0, 0, 2, 0, 0, 0, 0, 0, 0]"
137,"chơi mà gặp lũ vô văn hóa trong trận mà chửi người chơi, tố cáo thì bảo không phát hiện vậy khóa tính năng chat cho rồi","[0, 0, 0, 0, 2, 2, 0, 2, 0, 0]","[0, 0, 0, 0, 2, 2, 0, 2, 0, 0]"
138,mạng mạnh mà vô không được game,"[0, 0, 0, 2, 0, 0, 0, 0, 0, 0]","[0, 0, 0, 2, 0, 0, 0, 0, 0, 0]"
139,"dạo này không hiểu sao mà mấy tuần nay garena khóa tài khoản tôi liên tục chỉ vì không hỗ trợ đăng nhập lập giả, có những lần 3 4 ngày không thì đến tận 1 tuần, tôi thấy bức xúc thật, trong quá trình chơi game tôi cũng đã thấy hơi khó chịu bởi việc garena ghép trận, chia đội dù là thế nhưng mà tôi cũng không hề toxic hay tố cáo gì game, nhưng bây giờ đến cả việc đăng nhập để chơi mà cũng bị khóa, tuy nhiên game cũng không phải là quá chán dù như thế tôi vẫn thấy rất bức xúc vì sự việc này.","[0, 2, 0, 2, 2, 2, 0, 0, 0, 0]","[0, 2, 0, 2, 2, 2, 0, 2, 0, 0]"
140,"tôi rất thấy bức xúc khi vừa mới vào trận thì nói mạng lỗi rồi văng game. vô lại thì trận bị lỗi. còn trừ uy tín nữa, muốn chơi bình thường mà làm vậy thì tệ hại tôi rồi.","[0, 0, 0, 2, 2, 0, 0, 0, 0, 0]","[0, 0, 0, 2, 2, 0, 0, 0, 0, 0]"
141,gà quá tệ skin hay đồ họa rất tuyệt nhưng cơ chế ghép trận rất ảo!!!nhất là ghép trận rank!!!team bạn thì v10 cao thủ tinh anh team mình thì bạch kim kim cương vàng máy tố cáo tụi nó phá game thì tụi nó có phá đâu trong khi 4 10 2 cho hỏi game đã đủ nát chưa ạ ?,"[1, 2, 0, 0, 0, 0, 0, 2, 0, 0]","[1, 2, 0, 0, 2, 0, 0, 2, 0, 0]"
142,game tệ hại toàn buff bẩn với phá game,"[0, 0, 0, 2, 0, 0, 0, 2, 0, 0]","[0, 2, 0, 0, 0, 0, 0, 2, 0, 0]"
143,game lỗi rất nhiều,"[0, 0, 0, 2, 0, 0, 0, 0, 0, 0]","[0, 0, 0, 2, 0, 0, 0, 0, 0, 0]"
144,"chơi rất vui nhưng mạng nhà mình vẫn ổn định mà liên quân bảo là kết nối mạng thất bại? mà trong khi mạng nhà mình thì ổn lắm luôn á, mà trong khi đó mình vô trận rồi? mà còn trừ uy tín và afk nữa chứ?","[0, 0, 0, 2, 0, 0, 0, 0, 0, 0]","[0, 0, 0, 2, 2, 0, 0, 0, 0, 0]"
145,tài nguyên cứ tự tải liên tục tắt đi một hồi lại tự tải lại mặc dù chả chạm vào thứ gì để tải hết.,"[0, 0, 0, 2, 0, 0, 0, 0, 0, 0]","[0, 0, 0, 2, 0, 0, 0, 0, 0, 0]"
146,game tệ hại,"[0, 0, 0, 0, 0, 0, 0, 0, 0, 0]","[0, 0, 0, 0, 0, 0, 0, 0, 0, 0]"
147,vô chưa được chơi là bị đứng game,"[0, 0, 0, 2, 0, 0, 0, 0, 0, 0]","[0, 0, 0, 2, 0, 0, 0, 0, 0, 0]"
148,vì rớt mạng liên tục không rõ lý do cho dù đứng trước cục wifi vẫn lag ảnh hưởng tới tốc độ chơi,"[0, 0, 0, 2, 0, 0, 0, 0, 0, 0]","[0, 0, 0, 2, 0, 0, 0, 0, 0, 0]"
149,hay cấm chơi,"[0, 0, 0, 0, 0, 0, 0, 0, 0, 0]","[0, 0, 0, 0, 0, 0, 0, 0, 0, 0]"
150,game giờ toàn ghép được không biết chơi còn team bạn toàn người bên mình thì toàn máy chơi không à còn nhiều lúc bị lỗi nữa chứ,"[0, 2, 0, 2, 0, 0, 0, 0, 0, 0]","[0, 2, 0, 2, 0, 0, 0, 2, 0, 0]"
151,game p2w vô cùng,"[0, 0, 2, 0, 0, 0, 0, 0, 0, 0]","[0, 0, 0, 0, 0, 0, 0, 0, 0, 0]"
152,"ghép trận chán kinh, chơi thì đúng chỉ có không kẹt ở tinh anh","[0, 2, 0, 0, 0, 0, 0, 0, 0, 2]","[0, 2, 0, 0, 0, 0, 0, 0, 0, 0]"
153,"tệ hại gà ơi , làm ơn sửa cái ghép rank dùm cái , đánh mà thấy tội cho mấy bạn được ghép trúng toàn chiến thần không đấy, mong gà thấy và sửa","[0, 2, 0, 0, 0, 1, 0, 0, 0, 0]","[0, 2, 0, 0, 0, 1, 0, 0, 0, 0]"
154,cơ chế tố cáo quá tệ afk cố ý bị hạ mà không bị trừ uy tín,"[0, 0, 0, 0, 2, 0, 0, 2, 0, 0]","[0, 0, 0, 0, 2, 0, 0, 2, 0, 0]"
155,game tệ,"[0, 0, 0, 0, 0, 0, 0, 0, 0, 0]","[0, 0, 0, 0, 0, 0, 0, 0, 0, 0]"
156,game tối ưu kém đến mức văng game,"[0, 0, 0, 2, 0, 0, 0, 0, 0, 0]","[0, 0, 0, 2, 0, 0, 0, 0, 0, 0]"
157,nhập code từ ngày 6 3 bảo 24h có quà đến bây giờ hiện tại ngày 15 4 rồi mà vẫn chưa thấy rương đâu đảo lừa rồi,"[0, 0, 2, 2, 0, 2, 0, 0, 0, 0]","[0, 0, 0, 2, 0, 0, 0, 0, 0, 0]"
158,chơi toàn gặp afk trừ uy tín thì ít nói chung sắp team chán,"[0, 2, 0, 0, 2, 0, 0, 2, 0, 0]","[0, 2, 0, 0, 2, 0, 0, 2, 0, 0]"
159,chỉ vì thắng 1 người quên biết garena mà cho người ta ban tài khoản chịu liên quân,"[0, 0, 0, 0, 0, 2, 0, 0, 0, 0]","[0, 0, 0, 0, 0, 2, 0, 0, 0, 0]"
160,tại vì nó cứ bị hiện màn hình lên là hình raz không chơi được luôn còn bị đứng máy,"[0, 0, 0, 2, 0, 0, 0, 0, 2, 0]","[0, 0, 0, 2, 0, 0, 0, 0, 0, 0]"
161,liên quân đợt này bị gì vậy chơi thì lag xong bị afk xong mất uy tín rồi toàn ghép với mấy đứa tệ hại thế thì chơi cái gì hả liên quân,"[0, 2, 0, 2, 2, 0, 0, 2, 0, 0]","[0, 2, 0, 2, 2, 0, 0, 2, 0, 0]"
162,"chơi game lấy lại uy tín rồi, kiểu từ uy tín từ 87 lên 90, chơi bình thường tiếp, tụt xuống còn 88, trong khi điểm trung bình trên 6.0 trừ vô tội vạ, chịu game à vẫn trừ uy tín vì afk?? trong khi tôi vẫn chơi bình thường","[0, 2, 0, 0, 2, 0, 0, 0, 0, 0]","[0, 0, 0, 0, 2, 0, 0, 0, 0, 0]"
163,chơi hay bị mất tài khoản dù không làm gì!mà chơi cũng hay đáng thử chơi mất tài khoản nhiều trẻ trâu khó chịu vô cùng tận,"[0, 0, 0, 2, 0, 0, 0, 2, 0, 0]","[0, 0, 0, 2, 0, 0, 0, 2, 0, 0]"
164,tôi để lane mid mà toàn combo sp,"[0, 0, 0, 0, 0, 0, 0, 2, 0, 0]","[0, 2, 0, 0, 0, 0, 0, 0, 0, 0]"
165,game tệ hại gặp toàn phá game tệ hại vô cùng,"[0, 0, 0, 0, 0, 0, 0, 2, 0, 0]","[0, 0, 0, 0, 0, 0, 0, 2, 0, 0]"
166,yêu cầu xử lý thật nghiêm tình trạng hack và afk,"[0, 0, 0, 2, 0, 2, 0, 2, 0, 0]","[0, 0, 0, 2, 0, 2, 0, 2, 0, 0]"
167,"ghép với mấy đứa cùng trình được không? rất khó chịu, mong game khắc phục","[0, 2, 0, 0, 0, 1, 0, 0, 0, 0]","[0, 2, 0, 0, 0, 1, 0, 2, 0, 0]"
168,game tuy hay nhưng gặp những tình trạng lỗi rất nhiều,"[0, 0, 0, 2, 0, 0, 0, 0, 0, 0]","[0, 0, 0, 2, 0, 0, 0, 2, 0, 0]"
169,hệ thống ghép trận tệ hại,"[0, 2, 0, 0, 0, 0, 0, 0, 0, 0]","[0, 2, 0, 0, 0, 0, 0, 0, 0, 0]"
170,có cái lỗi văng mà cũng không sửa được,"[0, 0, 0, 2, 0, 2, 0, 0, 0, 0]","[0, 0, 0, 2, 0, 2, 0, 0, 0, 0]"
171,game tệ hại,"[0, 0, 0, 0, 0, 0, 0, 0, 0, 0]","[0, 0, 0, 0, 0, 0, 0, 0, 0, 0]"
172,"hệ thống ghép trận rất vớ vẩn , ghép 1 đại cao thủ đi đơn với 4 tinh anh cùng 1 team , xong ban ngày tầm 8h sáng ghép toàn gặp one champ top tỉnh tranh nhau vị trí dẫn đến team không có ad hay tanker , rừng . xử phạt thì chả ăn thua vào đâu trừ có 7 uy tín là cao nhất chả đủ sức răn đe được những người như vậy , họ chơi bù và tiếp tục phạm lỗi thì xử phạt cũng vô nghĩa mong game hãy xử phạt thật nặng những trường hợp pick sai vị trí , feed mạng dẫn đến thua cuộc trong đấu đơn cấm chơi 3 ngày","[0, 2, 0, 0, 2, 1, 0, 2, 0, 0]","[0, 2, 0, 2, 2, 2, 0, 2, 0, 0]"
173,vô game không loading được đổi sang 3g cũng không được thoát ra vào lại thì bị trừ uy tín game tệ hại,"[0, 0, 0, 2, 2, 0, 0, 0, 0, 0]","[0, 0, 0, 2, 2, 0, 0, 0, 0, 0]"
174,"afk trừ sao như thường, hài","[0, 0, 0, 0, 2, 0, 0, 0, 0, 0]","[0, 0, 0, 0, 2, 0, 0, 2, 0, 0]"
175,"biết là game cơ chế ghép trận với noob nếu bạn chơi quá hay để tăng độ khó và níu kéo người chơi rồi, nhưng mà ghép trận kiểu gì gặp noob nhiều hơn người cùng rank vậy ?","[0, 2, 0, 0, 1, 0, 0, 2, 0, 1]","[0, 2, 0, 0, 0, 0, 0, 2, 0, 0]"
176,"không ổn lắm ý , cứ lag lag giật giật","[0, 0, 0, 2, 0, 0, 0, 0, 0, 0]","[0, 0, 0, 2, 0, 0, 0, 0, 0, 0]"
177,lỗi kinh khủng,"[0, 0, 0, 2, 0, 0, 0, 0, 0, 0]","[0, 0, 0, 2, 0, 0, 0, 0, 0, 0]"
178,"không phù hợp cho các trẻ em từ 11 tuổi trở xuống vô toàn gặp phá game rồi hack dame tướng thì ảo game liên quân này rất tệ mong anh em đừng chơi dễ gây ức chế và dễ khiến đập máy đáng giá không sao còn được nói gì 1 sao game này rất tệ người tạo ra không chỉnh sửa hành vi báo cáo thì không có cái nào phù hợp trừ chỉ toàn có 2,3 uy tín không nên chơi tôi xin thề sẽ không bao giờ chơi lại game garena liên quân này nữa chơi mobile legends còn sướng hơn","[0, 0, 0, 2, 2, 2, 0, 2, 0, 0]","[0, 0, 0, 2, 2, 2, 0, 2, 0, 0]"
179,xếp người team mình toàn phá tìm bạn chơi hay như idol chán,"[0, 2, 0, 0, 0, 0, 0, 2, 0, 0]","[0, 2, 0, 0, 0, 0, 0, 2, 0, 0]"
180,game chấm điểm tổng không hợp lí nói chung đội ngũ càng ngày càng tệ hại,"[0, 2, 0, 0, 0, 2, 0, 0, 0, 0]","[0, 2, 0, 0, 2, 2, 0, 0, 0, 0]"
181,game lol bảo trì lâu vô cùng,"[0, 0, 0, 2, 0, 0, 0, 0, 0, 0]","[0, 0, 0, 2, 0, 0, 0, 0, 0, 0]"
182,đồng đội toàn bot,"[0, 2, 0, 0, 0, 0, 0, 2, 0, 0]","[0, 2, 0, 0, 0, 0, 0, 2, 0, 0]"
183,phát quy hoạch xong thu lại,"[0, 0, 2, 0, 0, 0, 0, 0, 0, 0]","[0, 0, 0, 0, 2, 0, 0, 0, 0, 0]"
184,sao tôi chơi nó lag nhiều khi tôi chơi không được trừ uy tín quá,"[0, 0, 0, 2, 0, 0, 0, 0, 0, 0]","[0, 0, 0, 2, 2, 0, 0, 0, 0, 0]"
185,ê ý là ghép cho cùng rank được không? kiểu ví dụ mới biết chơi thì ghép cho cùng gặp ghép mấy thằng toàn phá,"[0, 2, 0, 0, 0, 0, 0, 2, 0, 0]","[0, 2, 0, 0, 0, 0, 0, 2, 0, 0]"
186,"chỉ vì chơi dở mà bị report lên report xuống, mất mạng? chỉ vì team quá toxic nên không vừa ý cái là thua report một cách vô lý khiến tôi không thể chơi game này nữa. cố cày chỉ vì cày uy tín để chơi mà gặp người chơi phá game, chửi người khác mà không bị trừ uy tín gặp người chơi nghiêm túc, đàng hoàng mà trừ một cách vô cớ vậy mà game không xem xét kĩ mà lại trừ uy tín một cách thừa thãi khiến tôi rất bức xúc.","[0, 0, 0, 0, 2, 2, 0, 2, 0, 0]","[0, 2, 0, 2, 2, 2, 0, 2, 0, 0]"
187,game không tệ hại người chơi tệ hại,"[0, 0, 0, 0, 0, 0, 0, 2, 0, 0]","[0, 0, 0, 0, 0, 0, 0, 2, 0, 0]"
188,game xem xét lại dạo này toàn gặp người chơi cố ý phá,"[0, 0, 0, 0, 0, 1, 0, 2, 0, 0]","[0, 0, 0, 0, 0, 2, 0, 2, 0, 0]"
189,sao máy tôi honor magic 3 không bật được 120fps vậy,"[0, 0, 0, 2, 0, 0, 0, 0, 0, 0]","[0, 0, 0, 2, 0, 0, 0, 0, 0, 0]"
190,ghép trận team mình toàn tệ hại còn team bạn lại như tuyển thủ chịu game,"[0, 2, 0, 0, 0, 0, 0, 2, 0, 0]","[0, 2, 0, 0, 0, 0, 0, 2, 0, 0]"
191,"game càng ngày càng tệ hại cụ thể gặp toàn trẻ trâu tranh lane cụ thể 1 team 3 thằng ad ,feed mạng đúng là mùa hè","[0, 0, 0, 0, 0, 0, 0, 2, 0, 0]","[0, 2, 0, 0, 0, 0, 0, 2, 0, 0]"
192,vào game tài nguyên cứ tự tải mãi trong khi tôi không cần cứ tải hoài rất chi là phiền nhé mong là nhà phát hành sẽ giải quyết giúp,"[0, 0, 0, 2, 0, 1, 0, 0, 0, 0]","[0, 0, 0, 2, 0, 1, 0, 0, 0, 0]"
193,game tệ hại gì lag hơn tệ hại toàn 200ms,"[0, 0, 0, 2, 0, 0, 0, 0, 0, 0]","[0, 0, 0, 2, 0, 0, 0, 0, 0, 0]"
194,game tệ hại gì vậy? tệ hại toàn tệ hại,"[0, 0, 0, 0, 0, 0, 0, 2, 0, 0]","[0, 0, 0, 0, 0, 0, 0, 2, 0, 0]"
195,"chơi vui nhưng bị văng game một chút không cho vô trận trong thời gian nhất định, rồi điện thoại cứ thoát ra thì làm sao hả !!","[0, 0, 0, 2, 0, 0, 0, 0, 0, 0]","[0, 0, 0, 2, 0, 0, 0, 0, 0, 0]"
196,vui nhưng lên rank không nổi,"[0, 0, 0, 0, 0, 0, 0, 0, 0, 2]","[0, 0, 0, 0, 0, 0, 0, 0, 0, 0]"
197,game vào ghép trận toàn bị lag rồi ao game vào trận vẫn bị ao trừ hết uy tín,"[0, 2, 0, 2, 2, 0, 0, 0, 0, 0]","[0, 2, 0, 2, 2, 0, 0, 0, 0, 0]"
198,đỉnh cao gặp thứ buff bẩn không,"[0, 2, 0, 2, 0, 0, 0, 2, 0, 0]","[0, 2, 0, 2, 0, 0, 0, 2, 0, 0]"
199,ghép trận gì toàn team mình ngáo còn team ngta đáng như kỳ cựu vậy hệ thống ghép như tệ hại,"[0, 2, 0, 0, 0, 0, 0, 2, 0, 0]","[0, 2, 0, 0, 0, 0, 0, 2, 0, 0]"
200,chơi lag xong mùa mới lại tụt rank không sức người ta game không biết thương à với lại đang chơi thì lại bị văng ra thế là trừ uy tín,"[0, 0, 0, 2, 2, 0, 0, 0, 0, 0]","[0, 2, 0, 2, 2, 0, 0, 0, 0, 0]"
201,game tệ hại nhiều lỗi vô cùng,"[0, 0, 0, 2, 0, 0, 0, 0, 0, 0]","[0, 0, 0, 2, 0, 0, 0, 0, 0, 0]"
202,lỗi đứng game với lag liên tục dù điện thoại tận 10 củ,"[0, 0, 0, 2, 0, 0, 0, 0, 0, 0]","[0, 0, 0, 2, 0, 0, 0, 0, 0, 0]"
203,game tệ hại,"[0, 0, 0, 0, 0, 0, 0, 0, 0, 0]","[0, 0, 0, 0, 0, 0, 0, 0, 0, 0]"
204,đăng nhập rồi thoát game ra lại bắt đăng nhập lại,"[0, 0, 0, 2, 0, 0, 0, 0, 0, 0]","[0, 0, 0, 2, 0, 0, 0, 0, 0, 0]"
205,nhà phát hành nên thêm góc nhìn siêu xa cho tab của ss,"[1, 0, 0, 0, 0, 1, 0, 0, 0, 0]","[1, 0, 0, 0, 0, 1, 0, 0, 0, 0]"
206,vì không afk trong 1 trận mà bị trừ tận 2 uy tín khá nhiều . lên hơi ức chế,"[0, 0, 0, 0, 2, 0, 0, 0, 0, 0]","[0, 0, 0, 0, 2, 0, 0, 0, 0, 0]"
207,bị cấm ???,"[0, 0, 0, 2, 0, 0, 0, 0, 0, 0]","[0, 0, 0, 2, 0, 0, 0, 0, 0, 0]"
208,game toàn gặp các cháu chơi game phá tài khoản,"[0, 0, 0, 0, 0, 0, 0, 2, 0, 0]","[0, 0, 0, 0, 0, 0, 0, 2, 0, 0]"
209,"sửa lại skin azzanka thành nữ hết đi ad, thành con gái rồi mà toàn skin con trai không vậy","[1, 0, 0, 0, 0, 1, 0, 0, 2, 0]","[1, 0, 0, 0, 0, 2, 0, 0, 0, 0]"
210,mạng khỏe và không vào được game,"[0, 0, 0, 2, 0, 0, 0, 0, 0, 0]","[0, 0, 0, 2, 0, 0, 0, 0, 0, 0]"
211,game ơi sao không vô lại tài khoản garena được vậy,"[0, 0, 0, 2, 0, 2, 0, 0, 0, 0]","[0, 0, 0, 2, 0, 2, 0, 0, 0, 0]"
212,kì,"[0, 0, 0, 0, 0, 0, 0, 0, 0, 0]","[0, 0, 0, 0, 0, 0, 0, 0, 0, 0]"
213,"gặp toàn thể loại phá game , trẻ trâu toxic vô cùng.","[0, 0, 0, 0, 0, 0, 0, 2, 0, 0]","[0, 0, 0, 0, 0, 0, 0, 2, 0, 0]"
214,chơi lên tinh anh cái gì reset hoài tụt xuống kim cương hoài rồi khi chơi rồi bị tố cáo tào lao tụt uy tín nữa chứ vai tệ hại,"[0, 2, 0, 0, 2, 0, 0, 2, 0, 0]","[0, 2, 0, 0, 2, 0, 0, 2, 0, 0]"
215,game hay nhưng hơi lag. cho 2 sao,"[0, 0, 0, 2, 0, 0, 0, 0, 0, 0]","[0, 0, 0, 2, 0, 0, 0, 0, 0, 0]"
216,game kiểu tệ hại gì mạng căng đét vào trận không được toàn báo lỗi không có mạng,"[0, 0, 0, 2, 0, 0, 0, 0, 0, 0]","[0, 0, 0, 2, 0, 0, 0, 0, 0, 0]"
217,tiêu đề game có đội ngũ nhân viên lạm quyền nhận xét game càng ngày càng tệ hại bây giờ đến cả nhà phát triển cũng tệ hại,"[0, 0, 0, 0, 0, 2, 0, 0, 0, 0]","[0, 0, 0, 0, 0, 2, 0, 0, 0, 0]"
218,làm cái tệ hại gì tuột uy tín đánh 15 trận. xoá game,"[0, 0, 0, 2, 2, 0, 0, 0, 0, 0]","[0, 0, 0, 0, 2, 0, 0, 0, 0, 0]"
219,sao cập nhật game là nó đơ vậy? bị gì vậy trời,"[0, 0, 0, 2, 2, 0, 0, 0, 0, 0]","[0, 0, 0, 2, 0, 0, 0, 0, 0, 0]"
220,game chơi thấy hay mà vào toàn gặp afk với game cũng hơi lag hay bị đơ nếu máy yếu,"[0, 0, 0, 2, 0, 0, 0, 2, 0, 0]","[0, 2, 0, 2, 0, 0, 0, 2, 0, 0]"
221,dạ alo nhà làm game ơi tôi còn 491 qh mà sao mất rồi nhà làm game ??? mất 2 lần rồi nha game,"[0, 0, 0, 2, 0, 2, 0, 0, 0, 0]","[0, 0, 2, 0, 0, 2, 0, 0, 0, 0]"
222,game tệ hại,"[0, 0, 0, 0, 0, 0, 0, 0, 0, 0]","[0, 0, 0, 0, 0, 0, 0, 0, 0, 0]"
223,game tệ hại định hướng như tệ hại,"[0, 0, 0, 0, 2, 0, 0, 0, 0, 0]","[0, 0, 0, 0, 2, 0, 0, 0, 0, 0]"
224,game nhái mlbb,"[0, 0, 0, 0, 0, 0, 0, 0, 0, 0]","[0, 0, 0, 0, 0, 0, 0, 0, 0, 0]"
225,"thua nhiều, cay vô cùng nên vote 2 sao","[0, 0, 0, 0, 0, 0, 0, 0, 0, 2]","[0, 0, 0, 0, 0, 0, 0, 0, 0, 0]"
226,"game trung bình đồng đội afk chiến đấu tích cực không trừ sao, tôi không feed ra trừ 1 . tệ hại","[0, 0, 0, 0, 2, 0, 0, 2, 0, 0]","[0, 2, 0, 0, 2, 0, 0, 2, 0, 0]"
227,"thua 1 trận thì cho ghép với máy tận 4,5 trận. game tệ hại vô cùng","[0, 2, 0, 0, 0, 0, 0, 0, 0, 0]","[0, 2, 0, 0, 0, 0, 0, 0, 0, 0]"
228,"game tệ hại toàn buff bẩn, hack map,... mà không fix","[0, 0, 0, 0, 0, 2, 0, 2, 0, 0]","[0, 2, 0, 2, 0, 2, 0, 2, 0, 0]"
229,ghép trận toàn gặp phá game,"[0, 2, 0, 0, 0, 0, 0, 2, 0, 0]","[0, 2, 0, 0, 0, 0, 0, 2, 0, 0]"
230,game cần pk trừ uy tín ít thôi mới đi với 1 phút vào là bị trừ 12 uy tín rồi không ai chơi được,"[0, 0, 0, 0, 2, 0, 0, 0, 0, 0]","[0, 0, 0, 2, 2, 0, 0, 0, 0, 0]"
231,game tệ hại đi rank đồng đội ghép toàn mấy thằng trẻ con xong team bạn thì như tuyển thủ,"[0, 2, 0, 0, 0, 0, 0, 2, 0, 0]","[0, 2, 0, 0, 0, 0, 0, 2, 0, 0]"
232,game rất ok nhưng khi đánh rank có afk khi thua sẽ không bị trừ sao giống các mùa trước mong game thêm lại cơ chế không bị trừ sao khi gặp afk,"[0, 1, 0, 2, 1, 0, 0, 2, 0, 0]","[0, 2, 0, 0, 2, 1, 0, 2, 0, 0]"
233,game dở vô cùng,"[0, 0, 0, 0, 0, 0, 0, 0, 0, 0]","[0, 0, 0, 0, 0, 0, 0, 0, 0, 0]"
234,làm game cái kiểu gì vậy . đã người ta máy yếu không muốn tải gói mở rộng của cái sảnh chờ lag máy vô cùng . vô game cứ tự tải cái kiểu gì vậy . 1 sao là vừa nha . không fix được cái kiểu đó thì giải tán nền tảng liên quân đi . kiếm game khác chơi,"[0, 0, 0, 2, 0, 2, 0, 0, 0, 0]","[0, 0, 0, 2, 0, 2, 0, 0, 0, 0]"
235,"cũng hay á, nhưng mà game này nặng quá tải một phát hết dung lượng luôn","[0, 0, 0, 2, 0, 0, 0, 0, 0, 0]","[0, 0, 0, 2, 0, 0, 0, 0, 0, 0]"
236,game lag cộng đồng thì tệ hại,"[0, 0, 0, 2, 0, 0, 0, 2, 0, 0]","[0, 0, 0, 2, 0, 0, 0, 2, 0, 0]"
237,game ghép trận toàn thành phần vô trận 0.9 0.7 mà tới lúc tố không bị trừ uy tín mà tới mình có khi 1.3 mà bị trừ,"[0, 2, 0, 0, 2, 2, 0, 2, 0, 0]","[0, 2, 0, 0, 2, 0, 0, 2, 0, 0]"
238,xếp lane đúng tệ hại,"[0, 2, 0, 0, 0, 0, 0, 0, 0, 0]","[0, 2, 0, 0, 0, 0, 0, 0, 0, 0]"
239,game lag quá,"[0, 0, 0, 2, 0, 0, 0, 0, 0, 0]","[0, 0, 0, 2, 0, 0, 0, 0, 0, 0]"
240,không cập nhật cho tao luôn.,"[0, 0, 0, 2, 0, 0, 0, 0, 0, 0]","[0, 0, 0, 2, 0, 0, 0, 0, 0, 0]"
241,"chơi bình thường mà cũng bị trừ uy tín mà mấy cái đứa chửi tục các kiểu thì không tố cáo được , không chơi mà bị tố cáo là afk xong trừ uy tín vào game mà hú hồn vì uy tín của bản thân bị trừ 6 điểm , mong nhà phát hành sửa cái này cho","[0, 0, 0, 0, 2, 2, 0, 2, 0, 0]","[0, 0, 0, 0, 2, 1, 0, 2, 0, 0]"
242,chơi cứ bị văng game ra..,"[0, 0, 0, 2, 0, 0, 0, 0, 0, 0]","[0, 0, 0, 2, 0, 0, 0, 0, 0, 0]"
243,cập nhật càng tệ,"[0, 0, 0, 2, 0, 2, 0, 0, 0, 0]","[0, 0, 0, 0, 0, 2, 0, 0, 0, 0]"
244,"trải nghiệm có phần tệ, đều là người chơi nhưng lại có thêm khá nhiều tệ hại","[0, 0, 0, 0, 0, 0, 0, 2, 0, 0]","[0, 0, 0, 0, 0, 0, 0, 2, 0, 0]"
245,màn 9 trong sự kiện hổ phách khó vô cùng ra mong anh garena giảm độ khó,"[0, 0, 0, 0, 0, 1, 1, 0, 0, 2]","[0, 0, 0, 0, 0, 2, 0, 0, 0, 0]"
246,game tệ hại.vô chơi buff bẩn afk tố cáo không được,"[0, 0, 0, 2, 2, 0, 0, 2, 0, 0]","[0, 2, 0, 0, 2, 2, 0, 2, 0, 0]"
247,"chơi trận nào cũng không được mvp, chơi trận trợ thủ thì được mvp cho 2 sao thôi","[0, 0, 0, 0, 2, 0, 0, 0, 0, 0]","[0, 2, 0, 0, 0, 0, 0, 0, 0, 0]"
248,cập nhật xong văng game rồi trừ uy tín lấy lí do là đăng nhập nhiều nơi. vô cùng thật.,"[0, 0, 0, 2, 1, 0, 0, 0, 0, 0]","[0, 0, 0, 2, 2, 0, 0, 0, 0, 0]"
249,tôi mua 24 lần phải nhận được 24 nghìn vàng. mà tôi nhận được có 1 nghìn vàng,"[0, 0, 2, 2, 0, 0, 0, 0, 0, 0]","[0, 0, 0, 0, 0, 0, 0, 0, 0, 0]"
250,hồi trước mình chơi game rất bình thường máy mình yếu có chuyện giật lag văng game nhưng rất ít nhưng hôm qua tới hôm nay mình vô trận là bị văng vô lại thì vẫn vậy id game mình là hóibịlé...vn mình chơi được hơn 3 năm nếu có tình trạng này xảy ra nữa mà nhà phát hành không xử lý thì game như tệ hại,"[0, 0, 0, 2, 0, 2, 0, 0, 0, 0]","[0, 0, 0, 2, 0, 2, 0, 0, 0, 0]"
251,chơi mấy con ad từ thời napoleong đến giờ không hiểu sao vào đấu hạng không còn con nào để chọn,"[0, 0, 0, 2, 0, 0, 0, 0, 0, 0]","[0, 0, 0, 0, 2, 0, 0, 2, 0, 0]"
252,ghép trận như tệ hại,"[0, 2, 0, 0, 0, 0, 0, 0, 0, 0]","[0, 2, 0, 0, 0, 0, 0, 0, 0, 0]"
253,game hay nhưng nhiều lỗi đồ họa đẹp ok trận thì ghép tầm 3 4 phút có 1 trận,"[1, 2, 0, 2, 0, 0, 0, 0, 0, 0]","[2, 2, 0, 2, 0, 0, 0, 0, 0, 0]"
254,không nhận được 100qh hữu hạn,"[0, 0, 0, 2, 0, 0, 0, 0, 0, 0]","[0, 0, 2, 2, 0, 0, 0, 0, 0, 0]"
255,"siêu siêu lag, lỗi siêu nhiều, sửa lỗi lâu","[0, 0, 0, 2, 0, 2, 0, 0, 0, 0]","[0, 0, 0, 2, 0, 2, 0, 0, 0, 0]"
256,tệ hại elsu tí nữa là được cúp tại có thằng pick elsu phá game cay xoá elsu đi toàn trẻ trâu liệt nút bắn game tệ hại 2 sao vì còn cho quân huy free,"[0, 0, 1, 0, 0, 0, 0, 2, 2, 0]","[0, 2, 2, 0, 0, 2, 0, 2, 0, 0]"
257,game vào không được game tệ hại,"[0, 0, 0, 2, 0, 0, 0, 0, 0, 0]","[0, 0, 0, 2, 0, 0, 0, 0, 0, 0]"
258,game hay mà lag quá ạ.,"[0, 0, 0, 2, 0, 0, 0, 0, 0, 0]","[0, 0, 0, 2, 0, 0, 0, 0, 0, 0]"
259,"game cập nhật xong lag muốn sập máy, chán hết muốn nói","[0, 0, 0, 2, 1, 0, 0, 0, 0, 0]","[0, 0, 0, 2, 0, 0, 0, 0, 0, 0]"
260,game chuyên về cắn lén,"[0, 0, 0, 0, 2, 0, 0, 0, 0, 0]","[0, 0, 0, 0, 0, 0, 0, 2, 0, 0]"
261,máy đã cùi rồi vào game còn cứ tải,"[0, 0, 0, 2, 0, 0, 0, 0, 0, 0]","[0, 0, 0, 2, 0, 0, 0, 0, 0, 0]"
262,"xử phạt afk phải bị trừ 4 sao thay cho những người còn lại. tự dưng bị trừ sao oan thay cho mấy thằng afk, nghĩ mà tệ hại","[0, 2, 0, 0, 2, 0, 0, 2, 0, 0]","[0, 0, 0, 0, 2, 2, 0, 2, 0, 0]"
263,game không công bằng,"[0, 2, 0, 0, 0, 0, 0, 0, 0, 0]","[0, 2, 0, 0, 0, 0, 0, 0, 0, 0]"
264,máy tôi máy xịn nokia 5 mà chơi vẫn lag,"[0, 0, 0, 2, 0, 0, 0, 0, 0, 0]","[0, 0, 0, 2, 0, 0, 0, 0, 0, 0]"
265,ờm... khó,"[0, 0, 0, 0, 0, 0, 0, 0, 0, 0]","[0, 0, 0, 0, 0, 0, 0, 0, 0, 0]"
266,"game giật quá, wifi mạnh vẫn cứ lag giật","[0, 0, 0, 2, 0, 0, 0, 0, 0, 0]","[0, 0, 0, 2, 0, 0, 0, 0, 0, 0]"
267,1 sao nhé đang ngon lành cứ bắt tải dữ liệu game tải thì lâu mà cứ out ra vào lại là bắt tải lại từ đầu,"[0, 0, 0, 2, 0, 0, 0, 0, 0, 0]","[0, 0, 0, 2, 0, 0, 0, 0, 0, 0]"
268,game càng ngày càng tệ hại,"[0, 0, 0, 0, 0, 0, 0, 0, 0, 0]","[0, 0, 0, 0, 0, 0, 0, 0, 0, 0]"
269,"bảng mới sao cứ hiện liên tục dòng chữ bật vị trí để bạn bè bạn biết quài vậy. có những thằng afk hết trận không đền bù sao, với lại cộng sao thêm. add xem lại nha.","[0, 2, 0, 2, 0, 1, 0, 2, 0, 0]","[0, 0, 0, 2, 2, 1, 0, 2, 0, 0]"
270,umm.... nói chung là bảo ác thì không ác lắm nhưng bảo không ác thì ác vô cùng. 2 sao rưỡi,"[0, 0, 0, 0, 0, 0, 0, 0, 0, 2]","[0, 0, 0, 0, 0, 0, 0, 2, 0, 0]"
271,ghép toàn team tệ hại,"[0, 2, 0, 0, 0, 0, 0, 2, 0, 0]","[0, 2, 0, 0, 0, 0, 0, 2, 0, 0]"
272,cny muôn năm,"[0, 0, 0, 0, 0, 1, 0, 0, 0, 0]","[0, 0, 0, 0, 0, 0, 0, 0, 0, 0]"
273,"lỗi sự kiện nhận ran mori, không vào được","[0, 0, 0, 2, 0, 0, 0, 0, 0, 0]","[0, 0, 0, 2, 0, 0, 0, 0, 0, 0]"
274,"toàn gặp team tệ hại,afk,phá game.đề nghị nhà phát hành game cấm không cho các tệ hại chơi và đừng phát skin ss sss làm ảo tưởng sức mạnh xong phá game","[0, 2, 0, 0, 0, 2, 0, 2, 0, 0]","[1, 2, 0, 0, 0, 1, 0, 2, 0, 0]"
275,lỗi quá đôi lý không vào game mọi người xong hết rồi mà mình còn 1 vạch nhỏ xíu mà mãi mới vào game được,"[0, 0, 0, 2, 0, 0, 0, 0, 0, 0]","[0, 0, 0, 2, 0, 0, 0, 0, 0, 0]"
276,chơi sơ hở feed 4 mạng là tố phá game,"[0, 0, 0, 0, 2, 0, 0, 2, 0, 0]","[0, 0, 0, 0, 0, 0, 0, 2, 0, 0]"
277,trời ơi chịu game luôn nạp đủ full điểm sự kiện chung sức nhận con lini rồi mà vào thì vẫn đang hiện là chưa sở hữu nể game luôn.,"[0, 0, 2, 2, 0, 0, 0, 0, 0, 0]","[0, 0, 2, 2, 0, 2, 0, 0, 0, 0]"
278,"game tệ hại, vào trận không vào được bị trừ uy tín, trong khi mạng khỏe, ghép trận toàn không cân đối","[0, 2, 0, 2, 2, 0, 0, 0, 0, 0]","[0, 2, 0, 2, 2, 0, 0, 0, 0, 0]"
279,cập nhật mới rất tốn dung lượng mà rất lag khi ở trong trận liên tục giật thậm chí là đơ và lỗi nhiều thứ,"[0, 0, 0, 2, 1, 0, 0, 0, 0, 0]","[0, 0, 0, 2, 0, 0, 0, 0, 0, 0]"
280,không cập nhật được.tôi không hiểu garena kiểu gì không biết,"[0, 0, 0, 2, 0, 2, 0, 0, 0, 0]","[0, 0, 0, 2, 0, 2, 0, 0, 0, 0]"
281,tệ hại game tệ hại thua mlbb,"[0, 0, 0, 0, 0, 0, 0, 0, 0, 0]","[0, 0, 0, 0, 0, 0, 0, 0, 0, 0]"
282,"gắn bó lâu với game mà game đem lại cho toàn tệ hại, nếu không chịu khắc phục thì game sao sập là vừa","[0, 0, 0, 0, 0, 2, 0, 0, 0, 0]","[0, 0, 0, 2, 0, 2, 0, 2, 0, 0]"
283,làm cái sự kiện mà không cho chỗ thoát.,"[0, 0, 0, 2, 0, 0, 1, 0, 0, 0]","[0, 0, 0, 2, 0, 0, 0, 0, 0, 0]"
284,"game ghép đội toàn tệ hại, thắng thì ít thua thì nhiều","[0, 2, 0, 0, 0, 0, 0, 2, 0, 0]","[0, 2, 0, 0, 0, 0, 0, 2, 0, 0]"
285,bị lỗi đăng nhập không được lỗi hoài luôn đăng nhập fb không được bắt đăng nhập bằng garena hoài bực,"[0, 0, 0, 2, 0, 0, 0, 0, 0, 0]","[0, 0, 0, 2, 0, 0, 0, 0, 0, 0]"
286,"game cập nhật xong thì hơi lag , load trận chậm tổng kết lâu vô cùng , please hãy tối ưu phần tổng kết . phần cờ liên quân sau cập nhật rất lag chơi xong game là văng","[0, 0, 0, 2, 0, 2, 0, 0, 0, 0]","[0, 0, 0, 2, 0, 2, 0, 0, 0, 0]"
287,không nên thử,"[0, 0, 0, 0, 0, 0, 0, 0, 0, 0]","[0, 0, 0, 0, 0, 0, 0, 0, 0, 0]"
288,cập nhật xong là bay màu luôn cái tài khoản còn nhiều tính năng vô dụng chơi lâu dễ bị đứng máy còn có thể bị mất tài khoản,"[0, 0, 0, 2, 0, 0, 0, 0, 0, 0]","[0, 0, 0, 2, 0, 0, 0, 0, 0, 0]"
289,team có đứa afk còn ghi cả thông báo do afk nên được bồi thường thế bồi thường của tôi đâu ???,"[0, 2, 0, 0, 0, 2, 0, 2, 0, 0]","[0, 2, 0, 0, 2, 2, 0, 2, 0, 0]"
290,ít trẻ trâu nhưng nghỉ hè hơi nhiều trẻ trâu nên mong anh gà cài thêm thẻ căn cước trên 14 tuổi và đảm bảo không phá game,"[0, 0, 0, 0, 0, 1, 0, 2, 0, 0]","[0, 0, 0, 0, 0, 1, 0, 2, 0, 0]"
291,"đội xanh thì liên tục thắng đội đỏ thì bị làm ngơ luôn à, mẹ chơi không được đội xanh thì thắng, vô đội đỏ thì thua","[0, 2, 0, 0, 0, 0, 0, 0, 0, 0]","[0, 2, 0, 0, 0, 0, 0, 0, 0, 0]"
292,"game gì mà chơi thua thì lag, còn thắng thì không bị gì hết. còn team địch vừa đánh rồng xong, bạo chúa mới có mấy giây mà nó đánh bạo chúa trong chưa được 5 giây nữa.","[0, 0, 0, 2, 2, 0, 0, 0, 0, 0]","[0, 2, 0, 2, 2, 0, 0, 0, 0, 0]"
293,tôi biết là liên quân không sập được nhưng làm game cho người ta chơi thôi cái trò kết nối lại mạng tôi mạnh nha oki,"[0, 0, 0, 2, 0, 0, 0, 0, 0, 0]","[0, 0, 0, 2, 0, 0, 0, 0, 0, 0]"
294,game thì lag ghép trận toàn gặp mấy thằng tệ hại xong trận sau vẫn nó xong bảo thì nó chửi .đúng là game toxic .2sao là quý lắm rồi,"[0, 2, 0, 2, 0, 0, 0, 2, 0, 0]","[0, 2, 0, 2, 0, 0, 0, 2, 0, 0]"
295,game chơi bình thường mà tự nhiên bị trừ uy tín xong còn bị mất tài khoản chịu,"[0, 0, 0, 2, 2, 2, 0, 0, 0, 0]","[0, 0, 0, 2, 2, 0, 0, 0, 0, 0]"
296,đề nghị nên giảm bớt thời gian cờ liên quân quá lâu..với hộp quà..không công bằng cho người chơi..không còn là kĩ năng mà nhân phẩm ai tốt hơn sẽ ăn.. như vậy mất đi cân bằng trong game rồi bạn ơi..ai không biết chơi chỉ cần nhân phẩm tốt..từ cuối bảng cũng lên được đầu bảng mà không cần thiết phải biết chơi cũng ăn thế thì chịu rồi..,"[0, 2, 0, 0, 2, 0, 0, 0, 0, 0]","[0, 0, 0, 0, 2, 1, 0, 0, 2, 0]"
297,chơi một thời gian tôi bị mất tài khoản rồi thiệt đó trời cài game 2 năm đổ sông đổ biển hết rồi,"[0, 0, 0, 2, 0, 0, 0, 0, 0, 0]","[0, 0, 0, 2, 0, 0, 0, 0, 0, 0]"
298,gà rán làm kiểu gì vậy ult billow bị làm sao ý dùng còn bị lệch thôi lúc dùng thì lại bay về tế đàn là sao???? tài khoản baokaiser,"[0, 0, 0, 2, 2, 2, 0, 0, 0, 0]","[0, 0, 0, 0, 2, 2, 0, 0, 2, 0]"
299,không vui chán,"[0, 0, 0, 0, 0, 0, 0, 0, 0, 0]","[0, 0, 0, 0, 0, 0, 0, 0, 0, 0]"
300,chơi thua nhiều game tệ hại,"[0, 0, 0, 0, 0, 0, 0, 0, 0, 0]","[0, 0, 0, 0, 0, 0, 0, 0, 0, 0]"
301,tôi game thủ chơi 4 5 năm rồi mà giờ game nó nát không buff bẩn không hack thì cũng tệ hại nhất là lỗi văng game văng toàn đúng lúc quan trọng còn cái cơ chế ghép như tệ hại,"[0, 2, 0, 2, 0, 0, 0, 2, 0, 0]","[0, 2, 0, 2, 2, 0, 0, 2, 0, 0]"
302,game toàn lũ tệ hại,"[0, 0, 0, 0, 0, 0, 0, 2, 0, 0]","[0, 0, 0, 0, 0, 0, 0, 2, 0, 0]"
303,afk mà không bị gì? game cận thị,"[0, 0, 0, 0, 2, 0, 0, 2, 0, 0]","[0, 0, 0, 0, 2, 0, 0, 0, 0, 0]"
304,phế,"[0, 0, 0, 0, 0, 0, 0, 0, 0, 0]","[0, 0, 0, 0, 0, 0, 0, 0, 0, 0]"
305,lag vô cùng,"[0, 0, 0, 2, 0, 0, 0, 0, 0, 0]","[0, 0, 0, 2, 0, 0, 0, 0, 0, 0]"
306,35 sao đánh 50 trận không lên nổi 4x không hiểu ghép team tệ hại,"[0, 2, 0, 0, 0, 0, 0, 0, 0, 2]","[0, 2, 0, 0, 0, 0, 0, 0, 0, 0]"
307,yêu cầu garena chỉnh lại cơ chế ghép đội team mình thì toàn người đánh dở làm cho tôi có chuỗi thua liên tục,"[0, 2, 0, 0, 0, 2, 0, 2, 0, 0]","[0, 2, 0, 0, 0, 1, 0, 2, 0, 0]"
308,thường xuyên xảy ra lỗi bất định trong cờ liên quân,"[0, 0, 0, 2, 0, 0, 0, 0, 0, 0]","[0, 0, 0, 2, 0, 0, 0, 0, 0, 0]"
309,"toàn mõm cả thôi, rank ghép toàn lệch, toàn gặp quăng game giữa chừng, tối ưu thì chả thấy nhưng cứ có sự kiện thì e rằng cái thời gian load trận còn lâu hơn có khi lag tới nỗi văng cả game","[0, 2, 0, 2, 0, 2, 0, 2, 0, 0]","[0, 2, 0, 2, 0, 2, 0, 2, 0, 0]"
310,game liên quân này không nên chơi,"[0, 0, 0, 0, 0, 0, 0, 0, 0, 0]","[0, 0, 0, 0, 0, 0, 0, 0, 0, 0]"
311,làm game mà ghép quá lệch tố cáo thì không có lỗi chịu,"[0, 2, 0, 0, 2, 2, 0, 0, 0, 0]","[0, 2, 0, 2, 2, 2, 0, 0, 0, 0]"
312,"đang chơi mạng rất bình thường ping 50 sóng 4 cục, mẹ tự nhiên game đứng. trận cuối lên đại cao thủ 5 mà vậy, coi phát triển được thì phát triển chứ làm ăn vậy dẹp tệ hại game đi","[0, 1, 0, 2, 0, 2, 0, 0, 0, 0]","[0, 2, 0, 2, 0, 2, 0, 0, 0, 0]"
313,cày được 10 trận mà không lên nổi 3 uy tín,"[0, 0, 0, 0, 2, 0, 0, 0, 0, 2]","[0, 0, 0, 0, 2, 0, 0, 0, 0, 0]"
314,game tệ hại toàn bị lỗi game,"[0, 0, 2, 2, 0, 0, 0, 0, 0, 0]","[0, 0, 0, 2, 0, 0, 0, 0, 0, 0]"
315,"toàn bị lỗi đăng nhập không vào được game, rất khó chịu lỗi bất định 210","[0, 0, 0, 2, 0, 0, 0, 0, 0, 0]","[0, 0, 0, 2, 0, 0, 0, 0, 0, 0]"
316,"cập nhật mới mà volkat lỗi xuống ngựa ,mấy hôm rồi không sửa. 1 sao","[0, 0, 0, 2, 0, 2, 0, 0, 2, 0]","[0, 0, 0, 2, 0, 2, 0, 0, 0, 0]"
317,game việt nam mà làm skin trung quốc trá hình nên tẩy chay,"[2, 0, 0, 0, 0, 0, 0, 0, 0, 0]","[1, 0, 2, 0, 0, 0, 0, 0, 0, 0]"
318,game hay nhưng mỗi lúc thì có tình huống kì lạ,"[0, 0, 0, 2, 0, 0, 0, 0, 0, 0]","[0, 0, 0, 0, 0, 0, 0, 0, 0, 0]"
319,toàn trẻ trâu,"[0, 0, 0, 0, 0, 0, 0, 2, 0, 0]","[0, 0, 0, 0, 0, 0, 0, 2, 0, 0]"
320,"liên quân dạo này càng ngày càng tệ à nha, đang chơi cái thoát ra đăng nhập lại không được còn bảo thử lại gì đấy, nhiều lần rồi chứ không phải một lần đâu, mong nhà sản xuất xem xét, và sửa lại trong thời gian ngắn nhất có thể được không","[0, 0, 0, 2, 0, 1, 0, 0, 0, 0]","[0, 0, 0, 2, 0, 1, 0, 0, 0, 0]"
321,"mới chơi tướng chưa quen hở chút là bị tụt uy tín,cứ bị thua trận,có người tố cáo,chẳng cần biết thế nào là cho tụt luôn 1 mớ uy tín của người chơi. chán chơi phải có thắng có thua người chơi không afk đâu","[0, 0, 0, 0, 2, 0, 0, 2, 0, 0]","[0, 2, 0, 0, 2, 2, 0, 2, 0, 0]"
322,"ghép trận tệ hại,","[0, 2, 0, 0, 0, 0, 0, 0, 0, 0]","[0, 2, 0, 0, 0, 0, 0, 0, 0, 0]"
323,tệ hại,"[0, 0, 0, 0, 0, 0, 0, 0, 0, 0]","[0, 0, 0, 0, 0, 0, 0, 0, 0, 0]"
324,phá game nhiều quá tố cáo thì không được leo rank quá khó nên 3 sao thôi,"[0, 2, 0, 0, 0, 0, 0, 2, 0, 2]","[0, 2, 0, 0, 2, 0, 0, 2, 0, 0]"
325,tệ!,"[0, 0, 0, 0, 0, 0, 0, 0, 0, 0]","[0, 0, 0, 0, 0, 0, 0, 0, 0, 0]"
326,"chờ vào trận thường xuyên xảy ra lỗi đang kết nối lại trong khi mạng vẫn bình thường, bị liên tục trừ hết uy tín?????","[0, 0, 0, 2, 2, 0, 0, 0, 0, 0]","[0, 0, 0, 2, 2, 0, 0, 0, 0, 0]"
327,"game tệ hại, toàn buff, à còn toàn trẻ trâu phá game không","[0, 2, 0, 2, 2, 0, 0, 2, 0, 0]","[0, 0, 0, 0, 0, 0, 0, 2, 0, 0]"
328,tốt nhất ra quy định trên 16 tuổi mới được chơi chứ toàn gặp mấy thể loại trẻ trâu bực kinh khủng,"[0, 0, 0, 0, 0, 1, 0, 2, 0, 0]","[0, 0, 0, 0, 0, 0, 0, 2, 0, 0]"
329,lỗi thì lắm mà trừ uy tín thì nhiều,"[0, 0, 0, 2, 2, 0, 0, 0, 0, 0]","[0, 0, 0, 2, 2, 0, 0, 0, 0, 0]"
330,game càng ngày càng tệ,"[0, 0, 0, 0, 0, 0, 0, 0, 0, 0]","[0, 0, 0, 0, 0, 0, 0, 0, 0, 0]"
331,yêu cầu game xem lại em nhận quà sự kiện 3 hôm rồi vẫn chưa thấy quà đâu,"[0, 0, 0, 2, 0, 2, 0, 0, 0, 0]","[0, 0, 0, 2, 0, 2, 0, 0, 0, 0]"
332,mấy anh em liên quân ngầu quá làm mình phải xuất 5 lần 1 ngày quá đã,"[0, 0, 0, 0, 0, 0, 0, 1, 0, 0]","[0, 0, 0, 0, 0, 0, 0, 2, 0, 0]"
333,chia lane kiểu gì mà lane phụ ra nhiều hơn lane ưu tiên như vậy,"[0, 2, 0, 0, 0, 0, 0, 0, 0, 0]","[0, 2, 0, 0, 2, 0, 0, 0, 0, 0]"
334,game cho ra mấy cái sự kiện chung sức khó và vô lý hết mức tiêu biểu là sự kiện đẩy xu và bắt bị mới đây,"[0, 0, 0, 0, 0, 0, 2, 0, 0, 2]","[0, 0, 0, 0, 0, 0, 2, 0, 0, 0]"
335,"fix lại chế độ 2vs2 đấu sinh tử vừa ra mắt, rất tệ hại. nakroth, murad, zill, y bneth. lỗi nặng gây mất công bằng cho game. request for bug fixes","[0, 2, 0, 2, 2, 2, 0, 0, 0, 0]","[0, 0, 0, 2, 2, 2, 0, 0, 0, 0]"
336,chơi thì vẫn oke nhưng mà bọn trẻ trâu cứ giành tức mà không làm được gì tố cáo mấy thằng nói chuyện vô giáo dục mà tố cáo 2 3 lần thì không được mong garena xem xét lại chứ kiểu này không còn ai chơi nữa!,"[0, 0, 0, 0, 0, 2, 0, 2, 0, 0]","[0, 0, 0, 0, 0, 1, 0, 2, 0, 0]"
337,game phải nạp mới có skin đẹp mà nạp xong có khi skin như chubin,"[2, 0, 2, 0, 0, 0, 0, 0, 0, 0]","[1, 0, 2, 0, 0, 0, 0, 0, 0, 0]"
338,chán vô cùng,"[0, 0, 0, 0, 0, 0, 0, 0, 0, 0]","[0, 0, 0, 0, 0, 0, 0, 0, 0, 0]"
339,hay bị văng,"[0, 0, 0, 2, 0, 0, 0, 0, 0, 0]","[0, 0, 0, 2, 0, 0, 0, 0, 0, 0]"
340,game tệ hại,"[0, 0, 0, 0, 0, 0, 0, 0, 0, 0]","[0, 0, 0, 0, 0, 0, 0, 0, 0, 0]"
341,chán game khi nào cũng đặt vào flo mà giảm sức mạnh giảm con đó cũng được mười mấy lần,"[0, 0, 0, 0, 2, 2, 0, 0, 2, 0]","[0, 0, 0, 0, 2, 0, 0, 0, 2, 0]"
342,lâu lâu vô nó cứ hiện hình vanhein không làm được gì luôn,"[0, 0, 0, 2, 0, 0, 0, 0, 0, 0]","[0, 0, 0, 2, 0, 0, 0, 0, 0, 0]"
343,"cảm giác rất tệ khi chơi , lỗi không vào game được , đang chơi thì văng , đem lại trải nghiệm không tốt cho người chơi , không lắng nghe ý kiến và vẫn chưa fix được lỗi , yêu cầu cập nhật và fix các lỗi !","[0, 0, 0, 2, 0, 2, 0, 0, 0, 0]","[0, 0, 0, 2, 0, 2, 0, 0, 0, 0]"
344,tôi thấy game hay kỹ năng cao nhưng tình trạng gặp hack buff rất nhiều ảnh hưởng tới người chơi và cộng đồng liên quân mobile,"[0, 0, 0, 2, 1, 0, 0, 2, 0, 0]","[0, 2, 0, 2, 0, 2, 0, 2, 0, 0]"
345,sao giờ không vô trận được vậy .10 người sẵn sàng rồi vẫn chạy thời gian xong đứng im luôn . thoát ra vào lại cũng không vô được,"[0, 2, 0, 2, 0, 0, 0, 0, 0, 0]","[0, 0, 0, 2, 0, 0, 0, 0, 0, 0]"
346,cái thiết lập hạn chế thông thạo là phế cực kỳ,"[0, 0, 0, 0, 2, 0, 0, 0, 0, 0]","[0, 0, 0, 0, 2, 0, 0, 0, 0, 0]"
347,liên quân đã làm mất 3 tài khoản của tôi,"[0, 0, 0, 2, 0, 0, 0, 0, 0, 0]","[0, 0, 0, 2, 0, 0, 0, 0, 0, 0]"
348,toàn ghép trận gặp mấy đứa afk rồi phá game tệ hại thường thì không nói mà rank mới chịu,"[0, 2, 0, 0, 0, 0, 0, 2, 0, 0]","[0, 2, 0, 0, 0, 0, 0, 2, 0, 0]"
349,vãi game thật game vô lag trong khi wifi tôi 5 vạch tôi out ra vô lại vẫn lag còn gửi tôi thư phạt afk còn trừ hết uy tín tao?? mẹ game tệ hại vô cùng,"[0, 0, 0, 2, 2, 0, 0, 0, 0, 0]","[0, 0, 0, 2, 2, 0, 0, 0, 0, 0]"
350,rất hay văng game vì game quá nặng nên có một số người chơi bị văng sau đó vào lại bị tính là hành vi afk mong liên quân xem kĩ hành vi rồi hãy trừ uy tín,"[0, 0, 0, 2, 2, 2, 0, 0, 0, 0]","[0, 0, 0, 2, 2, 2, 0, 0, 0, 0]"
351,thắng mà không được cộng sao còn trừ của tôi game tệ hại garenaa,"[0, 2, 0, 2, 0, 0, 0, 0, 0, 0]","[0, 0, 0, 0, 2, 2, 0, 0, 0, 0]"
352,sửa lỗi rất lâu,"[0, 0, 0, 2, 0, 2, 0, 0, 0, 0]","[0, 0, 0, 2, 0, 2, 0, 0, 0, 0]"
353,game bị cái gì vậy đang chơi thì bị mẹ gank mong game giải quyết,"[0, 0, 0, 0, 0, 1, 0, 0, 0, 0]","[0, 0, 0, 0, 0, 1, 0, 0, 0, 0]"
354,"tệ, tại sao team có người afk mà những người không đạt hạng 1 thì lại bị trừ sao. vô lý tốn thời gian","[0, 0, 0, 0, 2, 0, 0, 2, 0, 0]","[0, 2, 0, 0, 2, 0, 0, 2, 0, 0]"
355,chơi toàn trẻ trâu chân vô cùng,"[0, 0, 0, 0, 0, 0, 0, 2, 0, 0]","[0, 0, 0, 0, 0, 0, 0, 2, 0, 0]"
356,chán ghép trận tệ hại không được tự out xong vô trừ uy tín,"[0, 2, 0, 2, 2, 0, 0, 0, 0, 0]","[0, 2, 0, 2, 2, 0, 0, 0, 0, 0]"
357,game như tệ hại chơi đấu hạng thì cấm đường hết tướng thay đường đi tướng khác thì bị trừ sức mạnh cho các anh hùng đội hình không chọn thì lại chọn cho người ta con trợ thủ chơi chết full cây hỏi xem 1 con dolia chơi đường đấu sĩ sát thủ trụ nổi không 1 sao là to rồi đấy,"[0, 2, 0, 0, 2, 0, 0, 0, 1, 0]","[0, 2, 0, 0, 2, 0, 0, 0, 2, 0]"
358,giảm độ nặng của game xuống đi làm ơn,"[0, 0, 0, 2, 0, 0, 0, 0, 0, 0]","[0, 0, 0, 2, 0, 1, 0, 0, 0, 0]"
359,game lag quá máy tôi ip15 prm mà còn bị delay,"[0, 0, 0, 2, 0, 0, 0, 0, 0, 0]","[0, 0, 0, 2, 0, 0, 0, 0, 0, 0]"
360,đang chơi thì bị kích ra không hiểu lý do bị kích vào thì bị trừ uy tín mong nhà phát hành sửa lỗi này,"[0, 0, 0, 2, 2, 1, 0, 0, 0, 0]","[0, 0, 0, 2, 2, 2, 0, 0, 0, 0]"
361,ghép trận tệ hại,"[0, 2, 0, 0, 0, 0, 0, 0, 0, 0]","[0, 2, 0, 0, 0, 0, 0, 0, 0, 0]"
362,nhà làm game muốn remake lại cái gì thì cũng phải lắng nghe ý kiến của người chơi,"[0, 0, 0, 0, 0, 2, 0, 0, 0, 0]","[0, 0, 0, 0, 0, 1, 0, 0, 0, 0]"
363,game tệ hại vô cùng,"[0, 0, 0, 0, 0, 0, 0, 0, 0, 0]","[0, 0, 0, 0, 0, 0, 0, 0, 0, 0]"
364,game gì mà hở là trừ phát mười mấy uy tín chơi làm gì thật sự ai tải thì xóa đi,"[0, 0, 0, 0, 2, 0, 0, 0, 0, 0]","[0, 0, 0, 0, 2, 0, 0, 0, 0, 0]"
365,"game tệ hại, bắn cũng ban","[0, 0, 0, 0, 0, 2, 0, 0, 0, 0]","[0, 0, 0, 0, 2, 2, 0, 0, 0, 0]"
366,lỗi kết nối mạng liên tục văng game liên tục vào lại vô trận ảo lag là do điện thoại tao dổm thật,"[0, 0, 0, 2, 0, 0, 0, 0, 0, 0]","[0, 0, 0, 2, 0, 0, 0, 0, 0, 0]"
367,càng ngày càng phế,"[0, 0, 0, 0, 0, 0, 0, 0, 0, 0]","[0, 0, 0, 0, 0, 0, 0, 2, 0, 0]"
368,không chơi game được 5g,"[0, 0, 0, 2, 0, 0, 0, 0, 0, 0]","[0, 0, 0, 2, 0, 0, 0, 0, 0, 0]"
369,"thua rồi game tệ hại rồi mở 5 lì xì 4 giải năm, 1 giải tư","[0, 0, 2, 0, 0, 0, 0, 0, 0, 0]","[0, 0, 0, 0, 0, 0, 0, 0, 0, 0]"
370,toàn trẻ trâu cướp lane,"[0, 2, 0, 0, 0, 0, 0, 2, 0, 0]","[0, 2, 0, 0, 0, 0, 0, 2, 0, 0]"
371,game không biết tính mvp à,"[0, 0, 0, 0, 2, 0, 0, 0, 0, 0]","[0, 2, 0, 0, 2, 0, 0, 0, 0, 0]"
372,game vô cùng lag luôn khó chịu thật sự trong khi mình còn rất nhiều dung lượng như cứ vô game là đơ chịu luôn đấy không khắc phục được lỗi này thì tôi xóa game luôn quá,"[0, 0, 0, 2, 0, 0, 0, 0, 0, 0]","[0, 0, 0, 2, 0, 2, 0, 0, 0, 0]"
373,tốt nhất đừng tải,"[0, 0, 0, 0, 0, 0, 0, 0, 0, 0]","[0, 0, 0, 0, 0, 0, 0, 0, 0, 0]"
374,lag vô cùng,"[0, 0, 0, 2, 0, 0, 0, 0, 0, 0]","[0, 0, 0, 2, 0, 0, 0, 0, 0, 0]"
375,trả lại hiệu ứng cho lau đi,"[2, 0, 0, 0, 0, 1, 0, 0, 1, 0]","[1, 0, 0, 0, 0, 0, 0, 0, 0, 0]"
376,oắt luôn rõ ràng đúng mình không lại bảo sai không đăng nhập được,"[0, 0, 0, 2, 0, 0, 0, 0, 0, 0]","[0, 0, 0, 2, 0, 0, 0, 0, 0, 0]"
377,"đọc được thì khắc phục dùm lỗi gì mà cứ vào trận chơi vô trận nhấn screenshot màn hình cứ vòng vòng ra vô lại không ghép được thì cấm 2 đến 5 phút, giỡn mặt hả","[0, 2, 0, 2, 0, 2, 0, 0, 0, 0]","[0, 2, 0, 2, 0, 2, 0, 0, 0, 0]"
378,game rất tệ,"[0, 0, 0, 0, 0, 0, 0, 0, 0, 0]","[0, 0, 0, 0, 0, 0, 0, 0, 0, 0]"
379,tự nhiên đổ lỗi cho rừng mà đi đổi rồi nó yếu,"[0, 0, 0, 0, 2, 0, 0, 0, 0, 0]","[0, 0, 0, 2, 0, 0, 0, 0, 0, 0]"
380,mình xin hỏi chơi game bao lâu giờ tài khoản bị cấm chơi là sao nguyên nhân là bạn đã dùng apk đã chỉnh sửa là sao,"[0, 0, 0, 0, 0, 2, 0, 0, 0, 0]","[0, 0, 0, 2, 0, 2, 0, 0, 0, 0]"
381,ghép trận toàn dính đồng đội tệ hại,"[0, 2, 0, 0, 0, 0, 0, 2, 0, 0]","[0, 2, 0, 0, 0, 0, 0, 2, 0, 0]"
382,thất vọng về cơ chế trừ uy tín mới,"[0, 0, 0, 0, 2, 0, 0, 0, 0, 0]","[0, 0, 0, 0, 2, 0, 0, 0, 0, 0]"
383,game tệ hại thoát ra có 5 giây mà bắt vô lại sảnh rồi mới cho vô trận cho 1 sao là vừa,"[0, 0, 0, 2, 2, 0, 0, 0, 0, 0]","[0, 0, 0, 2, 0, 0, 0, 0, 0, 0]"
384,cái game gì mà lane chính nó không ghép đi ghép cho lane phụ lane phụ có chắc tay đâu mà ghép cho cái game đó thiệt không hiểu mấy nay thua là nhờ cái lý do đó đó,"[0, 2, 0, 0, 1, 0, 0, 0, 0, 0]","[0, 2, 0, 0, 0, 0, 0, 0, 0, 0]"
385,hay quá là hay,"[0, 0, 0, 0, 0, 0, 0, 0, 0, 0]","[0, 0, 0, 0, 0, 0, 0, 0, 0, 0]"
386,ghép trận toàn gặp mấy con thú nặng như tạ,"[0, 2, 0, 0, 0, 0, 0, 2, 0, 0]","[0, 2, 0, 0, 0, 0, 0, 2, 0, 0]"
387,"sửa cái hệ thống ghép trận đi game ghép lệch trình vô cùng nhất là trong mấy cái chế độ giải trí, không biết giải trí chỗ nào mà vào toàn bị hành","[0, 2, 0, 0, 0, 1, 0, 0, 0, 0]","[0, 2, 0, 2, 0, 2, 0, 0, 0, 0]"
388,"tự mình afk thì không nói , cứ vào chơi được mấy trận bình thường thì toàn mấy trận văng game không chơi được . chơi cả ngày để cày uy tín mà không vào được một trận là trừ một đống uy tín , cho dù mình đã cố chơi bù lại cho team nhưng afk thì trừ vẫn cứ trừ . không chơi được , chẳng lẽ chat với hai team đừng tố cáo mình , văng game thôi ? giờ cả chơi với máy còn không vào được trận , cụ thể là 5v5 máy chủ sắp xếp . vậy mà còn không vào được .","[0, 2, 0, 2, 2, 0, 0, 0, 0, 0]","[0, 2, 0, 2, 2, 0, 0, 2, 0, 0]"
389,lag với nhà phát hành ghép trận không chuẩn,"[0, 2, 0, 2, 0, 2, 0, 0, 0, 0]","[0, 2, 0, 2, 0, 2, 0, 0, 0, 0]"
390,thua hơn 8 trận quá mệt mỏi,"[0, 2, 0, 0, 0, 0, 0, 0, 0, 0]","[0, 2, 0, 0, 0, 0, 0, 0, 0, 0]"
391,hay gặp bọn đèn pin mong nhà làm game khắc phục để game hay hơn,"[0, 2, 0, 0, 0, 1, 0, 2, 0, 0]","[0, 0, 0, 0, 0, 1, 0, 0, 0, 0]"
392,"game nặng , load chậm","[0, 0, 0, 2, 0, 0, 0, 0, 0, 0]","[0, 0, 0, 2, 0, 0, 0, 0, 0, 0]"
393,đội ngũ làm game tệ hại quá,"[0, 0, 0, 0, 0, 2, 0, 0, 0, 0]","[0, 0, 0, 0, 0, 2, 0, 0, 0, 0]"
394,"game cho sự kiện mà không vô chơi được gì hết, chơi 5 tiếng rồi mà không thấy sự kiện bắn bi đâu.","[0, 0, 0, 2, 0, 0, 2, 0, 0, 0]","[0, 0, 0, 2, 0, 0, 0, 0, 0, 0]"
395,chơi 1 vs 1 bình thường ra thấy 2 uy tín,"[0, 2, 0, 2, 0, 0, 0, 0, 0, 0]","[0, 0, 0, 0, 2, 0, 0, 0, 0, 0]"
396,cũng vậy,"[0, 0, 0, 0, 0, 0, 0, 0, 0, 0]","[0, 0, 0, 0, 0, 0, 0, 0, 0, 0]"
397,game tệ hại,"[0, 0, 0, 0, 0, 0, 0, 0, 0, 0]","[0, 0, 0, 0, 0, 0, 0, 0, 0, 0]"
398,game garena liên quân ngu quá uy tín 3.6.1 cũng bị trừ game này chán,"[0, 0, 2, 2, 0, 0, 0, 0, 0, 0]","[0, 0, 0, 0, 2, 2, 0, 0, 0, 0]"
399,game tệ hại tài khoản đàng hoàng mà cấm bảo là nick có vấn đề khóa một thời gian tới 5 6 năm 2028.nói chung game tệ hại,"[0, 0, 0, 2, 0, 0, 0, 0, 0, 0]","[0, 0, 0, 0, 0, 2, 0, 0, 0, 0]"
400,game dạo này lag quá không vô trận được luôn,"[0, 0, 0, 2, 0, 0, 0, 0, 0, 0]","[0, 0, 0, 2, 0, 0, 0, 0, 0, 0]"
401,nói luôn! cộng đồng thì tệ hại cơ chế lỗi thời ping giật 200ms không 1 góc xưa không biết là cải tiến hay đi lùi,"[0, 0, 0, 2, 2, 0, 0, 2, 0, 0]","[0, 0, 0, 2, 0, 2, 0, 2, 0, 0]"
402,"game gì chơi tệ hại , người ta đang 70 điểm uy tín thì mới có tí thôi mà trừ hẳn 5 điểm ,mãi vẫn chưa chơi được xếp hạng ,quá chán","[0, 2, 0, 0, 2, 0, 0, 0, 0, 0]","[0, 0, 0, 0, 2, 0, 0, 0, 0, 0]"
403,yêu cầu game khắc phục lỗi logging tài khoản garena bị lỗi không logging được vào tài khoản. rất rất khó chịu,"[0, 0, 0, 2, 0, 2, 0, 0, 0, 0]","[0, 0, 0, 2, 0, 2, 0, 0, 0, 0]"
404,game ơi tao lạy mày cho ghép toàn bọn tệ hại yêu cầu game cho ghép mấy đứa ok cái. thế này tuột hết sao,"[0, 2, 0, 0, 0, 2, 0, 2, 0, 0]","[0, 2, 0, 0, 0, 2, 0, 2, 0, 0]"
405,chơi ghép toàn đội tệ hại,"[0, 2, 0, 0, 0, 0, 0, 2, 0, 0]","[0, 2, 0, 0, 0, 0, 0, 2, 0, 0]"
406,game hay giúp tôi giải trí,"[0, 0, 0, 0, 0, 0, 0, 0, 0, 0]","[0, 0, 0, 0, 0, 0, 0, 0, 0, 0]"
407,game cứ cập nhật là phải tải tài nguyên lại trong khi đó đã tải hết rồi làm mất hứng chơi game,"[0, 0, 0, 2, 2, 0, 0, 0, 0, 0]","[0, 0, 0, 2, 0, 0, 0, 0, 0, 0]"
408,"bậc rank nào thì ghép đúng bậc rank đó, mắc cái gì cho bọn đại cao thủ cặp tinh anh vậy? toàn bọn tệ hại","[0, 2, 0, 0, 0, 0, 0, 2, 0, 0]","[0, 2, 0, 0, 0, 0, 0, 2, 0, 0]"
409,"không hiểu sao, lỗi game không hiện số? cái gì liên quan tới số là không hiện? xóa đi tải lại chục lần vẫn hệt vậy","[2, 0, 0, 2, 0, 0, 0, 0, 0, 0]","[0, 0, 0, 2, 0, 0, 0, 0, 0, 0]"
410,liên quân không cập nhật,"[0, 0, 0, 0, 0, 2, 0, 0, 0, 0]","[0, 0, 0, 2, 0, 0, 0, 0, 0, 0]"
411,mạng mạnh mà cứ báo mạng có vấn đề không vô được,"[0, 0, 0, 2, 0, 0, 0, 0, 0, 0]","[0, 0, 0, 2, 0, 0, 0, 0, 0, 0]"
412,game tệ hại hack map tràn lan,"[0, 0, 0, 2, 0, 0, 0, 2, 0, 0]","[0, 0, 0, 2, 0, 0, 0, 2, 0, 0]"
413,game không afk không mạng kém không thoát mà vẫn trừ uy tín,"[0, 0, 0, 0, 2, 0, 0, 0, 0, 0]","[0, 0, 0, 2, 2, 0, 0, 0, 0, 0]"
414,cập nhật xong game bị tệ hại ấy bị dở hơi à để bình thường đi toàn update mấy cái đâu đâu không,"[0, 0, 0, 2, 0, 2, 0, 0, 0, 0]","[0, 0, 0, 2, 0, 2, 0, 0, 0, 0]"
415,nhìn nó ngu ngu á,"[2, 0, 0, 0, 0, 0, 0, 0, 2, 0]","[0, 0, 0, 0, 0, 0, 0, 2, 0, 0]"
416,"tôi không hack đâu bị tố cáo còn bị trừ hết 20 uy tín, yêu cầu xem xét lại, tôi không hack chơi thua thôi mà bị đồng đội tố cáo bị trừ vô lí!","[0, 0, 0, 2, 2, 2, 0, 2, 0, 0]","[0, 0, 0, 2, 2, 2, 0, 2, 0, 0]"
417,ghép rank toàn gặp phá,"[0, 2, 0, 0, 0, 0, 0, 2, 0, 0]","[0, 2, 0, 0, 0, 0, 0, 2, 0, 0]"
418,thua nhiều quá gà ơi,"[0, 0, 0, 0, 0, 1, 0, 0, 0, 0]","[0, 0, 0, 0, 0, 2, 0, 0, 0, 0]"
419,vô fix lại tiếng game giùm,"[0, 0, 0, 0, 0, 1, 0, 0, 0, 0]","[0, 0, 0, 2, 0, 2, 0, 0, 0, 0]"
420,game tệ hại toàn phá game không,"[0, 0, 0, 0, 0, 0, 0, 2, 0, 0]","[0, 0, 0, 0, 0, 0, 0, 2, 0, 0]"
421,tệ hại game quá tệ hại,"[0, 0, 0, 0, 0, 0, 0, 0, 0, 0]","[0, 0, 0, 0, 0, 0, 0, 0, 0, 0]"
422,ghép team như tệ hại.,"[0, 2, 0, 0, 0, 0, 0, 0, 0, 0]","[0, 2, 0, 0, 0, 0, 0, 0, 0, 0]"
423,chơi toàn thua ghép gì vậy,"[0, 2, 0, 0, 0, 0, 0, 0, 0, 0]","[0, 2, 0, 0, 0, 0, 0, 0, 0, 0]"
424,rep toàn gặp tệ hại phá game,"[0, 0, 0, 0, 0, 0, 0, 2, 0, 0]","[0, 0, 0, 0, 0, 0, 0, 2, 0, 0]"
425,"game tệ hại vậy á chơi game một ngày cho phục hồi uy tín có 3 điểm à còn nữa , tôi bắt đầu vô mẹ tôi kêu nên quên sẵn sàng nên ao ra bị trừ 1 điểm uy tín, quá tệ","[0, 0, 0, 0, 2, 0, 0, 0, 0, 0]","[0, 0, 0, 2, 2, 2, 0, 0, 0, 0]"
426,"game như tệ hại họ ghép trận toàn gặp tệ hại, nặng nóng máy lag giựt, skin thì ăn trên đầu trên cổ","[0, 2, 2, 2, 0, 0, 0, 2, 0, 0]","[1, 2, 2, 2, 0, 0, 0, 2, 0, 0]"
427,hay mà mỗi tội đồng đội ks mạng hơi nhiều,"[0, 0, 0, 0, 0, 0, 0, 2, 0, 0]","[0, 2, 0, 0, 0, 0, 0, 2, 0, 0]"
428,rất hài lòng,"[0, 0, 0, 0, 0, 0, 0, 0, 0, 0]","[0, 0, 0, 0, 0, 0, 0, 0, 0, 0]"
429,"gà ơi đừng xếp cho tao team ngáo nữa, tao mệt rồi đó","[0, 2, 0, 0, 0, 2, 0, 2, 0, 0]","[0, 2, 0, 0, 0, 1, 0, 2, 0, 0]"
430,chỉnh lại tính năng mới cập nhật ảnh hưởng tâm trạng tính cách nhân cách và cả nhận thức mong liên quân điều chỉnh cái chọn gì phải chơi đó tôi không phải là máy mà thích gia trưởng mà thích vậy nói chung là xóa tính năng mới,"[0, 0, 0, 0, 2, 2, 0, 0, 0, 0]","[0, 0, 0, 0, 0, 1, 0, 0, 0, 0]"
431,"game gần đây tối ưu quá tệ, hiệu suất chơi game không còn mượt mà nữa, các máy yếu mà chơi thì liên tục giật lag. quá tệ","[0, 0, 0, 2, 0, 0, 0, 0, 0, 0]","[0, 0, 0, 2, 0, 0, 0, 0, 0, 0]"
432,bị lỗi không tải được đồ họa tải xong ra vô lại thì bắt tải lại từ đầu,"[0, 0, 0, 2, 0, 0, 0, 0, 0, 0]","[2, 0, 0, 2, 0, 0, 0, 0, 0, 0]"
433,sao chơi không được vậy,"[0, 0, 0, 2, 0, 0, 0, 0, 0, 0]","[0, 0, 0, 2, 0, 0, 0, 0, 0, 0]"
434,game hay bị lag không đi được và phải thoát ra vô lại mong game chỉnh lỗi,"[0, 0, 0, 2, 0, 2, 0, 0, 0, 0]","[0, 0, 0, 2, 0, 1, 0, 0, 0, 0]"
435,cày uy tín khó quá mong game sửa lại,"[0, 0, 0, 0, 1, 2, 0, 0, 0, 2]","[0, 0, 0, 0, 2, 1, 0, 0, 0, 0]"
436,tệ hại game tệ hại cha mày đánh thì gặp phá game không bị trừ tệ hại xong đang chơi bị văng mất mẹ ức chế tôi làm game ngu như vậy thì nghỉ mẹ mày đi,"[0, 2, 0, 2, 0, 2, 0, 2, 0, 0]","[0, 0, 0, 2, 0, 2, 0, 2, 0, 0]"
437,"người ta đã đặt mật khẩu mới và nhớ nhập đúng với cái mật khẩu đã đặt mà không được, bấm vào quên mật khẩu nhập email ra thì cũng không gửi mã tới email luôn thế là bay luôn cái tài khoản, chán garena thật sự","[0, 0, 0, 2, 0, 2, 0, 0, 0, 0]","[0, 0, 0, 2, 0, 2, 0, 0, 0, 0]"
438,"quá thất vọng sau khi cập nhật tướng mới nên giảm sức mạnh, rank thì cho sao đi đừng cho điểm như này","[0, 0, 0, 0, 2, 0, 0, 0, 2, 0]","[0, 0, 0, 0, 2, 0, 0, 0, 0, 0]"
439,game tệ hại,"[0, 0, 0, 0, 0, 0, 0, 0, 0, 0]","[0, 0, 0, 0, 0, 0, 0, 0, 0, 0]"
440,game chơi toàn bị văng,"[0, 0, 0, 2, 0, 0, 0, 0, 0, 0]","[0, 0, 0, 2, 0, 0, 0, 0, 0, 0]"
441,vui lòng cung cấp đoạn review bạn cần chuẩn hóa.,"[0, 0, 0, 0, 0, 0, 0, 0, 0, 0]","[0, 0, 0, 0, 0, 1, 0, 0, 0, 0]"
442,game lag như tệ hại,"[0, 0, 0, 2, 0, 0, 0, 0, 0, 0]","[0, 0, 0, 2, 0, 0, 0, 0, 0, 0]"
443,"chơi 10 trận thì hết 9 trận gặp mấy thằng tệ hại,mày ghép cái gì vậy","[0, 2, 0, 0, 0, 0, 0, 2, 0, 0]","[0, 2, 0, 0, 0, 0, 0, 2, 0, 0]"
444,"cứ tải tới khúc 86 thì lại đơ xong bắt đợi, lúc sau cứ văng hoài, không vô được toàn bắt xóa đi tải lại mệt chết","[0, 0, 0, 2, 0, 0, 0, 0, 0, 0]","[0, 0, 0, 2, 0, 0, 0, 0, 0, 0]"
445,lỗi màn dọc?,"[0, 0, 0, 2, 0, 0, 0, 0, 0, 0]","[0, 0, 0, 2, 0, 0, 0, 0, 0, 0]"
446,"ghép trận không ra ôn gì, toàn team mình thì mấy đứa ngáo còn bên kia toàn hack. match thường không nói mà rank cũng y chang","[0, 2, 0, 2, 0, 0, 0, 2, 0, 0]","[0, 2, 0, 2, 0, 0, 0, 2, 0, 0]"
447,"thà không ra sự kiện cho mát , ra rồi sợ người ta lấy được skin à","[0, 0, 2, 0, 0, 0, 0, 0, 0, 2]","[0, 0, 0, 0, 0, 0, 1, 0, 0, 0]"
448,game tệ hại,"[0, 0, 0, 0, 0, 0, 0, 0, 0, 0]","[0, 0, 0, 0, 0, 0, 0, 0, 0, 0]"
449,game tệ hại... lên rank tinh anh cao thủ vẫn xếp máy vào chơi... thua 22 trận chuỗi thì ghép máy vào ! tìm trận của máy thì toàn lỗi với đóng thông tin.. bố khỉ,"[0, 2, 0, 2, 0, 0, 0, 0, 0, 0]","[0, 2, 0, 2, 0, 0, 0, 2, 0, 0]"
450,game như tệ hại chơi cứ gặp tranh lane ghép trận thì team ngu không chịu được vào đấu thường không sao cứ đấu gank là đang tải vào trận là văng riết cứ bị trừ uy tín dù mạng 4g mạnh vô cùng ra,"[0, 2, 0, 2, 2, 0, 0, 2, 0, 0]","[0, 2, 0, 2, 2, 0, 0, 2, 0, 0]"
451,mong anh gà sửa lỗi khi ghép trận toàn chúng mấy thằng afk ạ,"[0, 2, 0, 0, 0, 1, 0, 2, 0, 0]","[0, 2, 0, 0, 0, 1, 0, 2, 0, 0]"
452,khinh thường người dùng android à sao không cho bật 120fps. trong khi iphone lại có???,"[2, 0, 0, 2, 0, 2, 0, 0, 0, 0]","[0, 0, 0, 2, 0, 2, 0, 0, 0, 0]"
453,"cập nhật xong là mạng cứ 200ms không chơi được, tuột rank hoài","[0, 2, 0, 2, 0, 0, 0, 0, 0, 0]","[0, 0, 0, 2, 0, 0, 0, 0, 0, 0]"
454,nghe mỗi cuộc gọi cũng trừ uy tín,"[0, 0, 0, 2, 0, 0, 0, 0, 0, 0]","[0, 0, 0, 0, 2, 0, 0, 0, 0, 0]"
455,game lag máy yếu vào trận 5 phút mới vô được,"[0, 0, 0, 2, 0, 0, 0, 0, 0, 0]","[0, 0, 0, 2, 0, 0, 0, 0, 0, 0]"
456,10 vs 10 không chơi được,"[0, 0, 0, 2, 0, 0, 0, 0, 0, 0]","[0, 0, 0, 0, 0, 0, 0, 0, 0, 0]"
457,game tệ hại,"[0, 0, 0, 0, 0, 0, 0, 0, 0, 0]","[0, 0, 0, 0, 0, 0, 0, 0, 0, 0]"
458,ghép lệch rank vô cùng,"[0, 2, 0, 0, 0, 0, 0, 0, 0, 0]","[0, 2, 0, 0, 0, 0, 0, 0, 0, 0]"
459,ghép trận toàn trẻ con chơi,"[0, 2, 0, 0, 0, 0, 0, 0, 0, 0]","[0, 2, 0, 0, 0, 0, 0, 2, 0, 0]"
460,garena ghép như tệ hại ấy cao thủ 10 sao mà ghép toàn chúng t.anh,"[0, 2, 0, 0, 0, 0, 0, 0, 0, 0]","[0, 2, 0, 0, 0, 2, 0, 2, 0, 0]"
461,quá lag ghép toàn gặp team tệ hại,"[0, 2, 0, 2, 0, 0, 0, 2, 0, 0]","[0, 2, 0, 2, 0, 0, 0, 2, 0, 0]"
462,bilow nên giảm sức mạnh,"[0, 0, 0, 0, 2, 0, 0, 0, 0, 0]","[0, 0, 0, 0, 2, 0, 0, 0, 1, 0]"
463,đăng nhập cứ bị văng ra vô lại từ đầu không biết phải lỗi do điện thoại không,"[0, 0, 0, 2, 0, 0, 0, 0, 0, 0]","[0, 0, 0, 2, 0, 0, 0, 0, 0, 0]"
464,"update xong game toàn lỗi vặt, bug lag, chán không chịu được","[0, 0, 0, 2, 2, 0, 0, 0, 0, 0]","[0, 0, 0, 2, 0, 2, 0, 0, 0, 0]"
465,đang chơi thì bị mẹ gank mong nhà phát hành sửa đổi,"[0, 0, 0, 0, 0, 2, 0, 0, 0, 0]","[0, 0, 0, 0, 0, 1, 0, 0, 0, 0]"
466,game rất hay nhưng thua hơi nhiều,"[0, 0, 0, 0, 0, 0, 0, 0, 0, 0]","[0, 0, 0, 0, 0, 0, 0, 0, 0, 2]"
467,đang chơi có công việc thoát ra xong vô lại mất luôn tài khoản,"[0, 0, 0, 2, 0, 0, 0, 0, 0, 0]","[0, 0, 0, 2, 0, 0, 0, 0, 0, 0]"
468,cập nhật gì kì vậy....đấu hạng 5 người có 1 người afk .... mà không bù sao cho 4 người kia.... cập nhật làm tệ hại gì...,"[0, 2, 0, 0, 2, 2, 0, 2, 0, 0]","[0, 2, 0, 0, 2, 2, 0, 2, 0, 0]"
469,bị lỗi hoài luôn chán,"[0, 0, 0, 2, 0, 0, 0, 0, 0, 0]","[0, 0, 0, 2, 0, 0, 0, 0, 0, 0]"
470,đang đánh thì mắc ỉa mong nhà phát hành phục hồi!,"[0, 0, 0, 0, 0, 1, 0, 0, 0, 0]","[0, 0, 0, 0, 0, 1, 0, 0, 0, 0]"
471,game quá tệ,"[0, 0, 0, 0, 0, 0, 0, 0, 0, 0]","[0, 0, 0, 0, 0, 0, 0, 0, 0, 0]"
472,tệ hại ghép đội thì team bạn quá mạnh team mình thì đánh như phá,"[0, 2, 0, 0, 0, 0, 0, 2, 0, 0]","[0, 2, 0, 0, 0, 0, 0, 2, 0, 0]"
473,game bị lỗi hoài nha đang vào trận chuẩn bị chơi mà nó đứng im luôn rồi cuối cùng phải thoát ra vô lại rồi bị tố cáo là afk ?,"[0, 0, 0, 2, 2, 0, 0, 0, 0, 0]","[0, 0, 0, 2, 2, 0, 0, 0, 0, 0]"
474,afk có 30 giây bay 3 uy tín,"[0, 0, 0, 0, 2, 0, 0, 0, 0, 0]","[0, 0, 0, 0, 2, 0, 0, 0, 0, 0]"
475,tệ hại gặp team đánh dở ẹc feed vô cùng. hệ thống tính điểm không công bằng. game xếp team toàn đồng đội tranh lane không đi đúng đường vào trận không có tác dụng,"[0, 2, 0, 0, 0, 0, 0, 2, 0, 0]","[0, 2, 0, 0, 2, 0, 0, 2, 0, 0]"
476,ghép team không đều cả team như boss mạnh nhất team 9 5 hay thậm chí 11 6 thua ghép team vẫn gặp thành phần 0 9 3 7 thông số đánh giá rồi ghép trận không đồng đều chung quy game như tệ hại,"[0, 2, 0, 0, 0, 0, 0, 2, 0, 0]","[0, 2, 0, 0, 0, 0, 0, 2, 0, 0]"
477,"chỉnh cái tìm trận ở thế giới cho cùng rank hộ cái, trận nào bắt đầu rồi thì làm ơn xóa nó đi cứ để nó hiện mãi là sao, chấm hỏi thiệt sự, cập nhật bao lần rồi vẫn không để ý tới chỗ này","[0, 2, 0, 2, 0, 2, 0, 0, 0, 0]","[0, 2, 0, 0, 2, 2, 0, 0, 0, 0]"
478,cập nhật xong giật vô cùng,"[0, 0, 0, 2, 0, 0, 0, 0, 0, 0]","[0, 0, 0, 2, 0, 0, 0, 0, 0, 0]"
479,ghép rank như tệ hại vô cùng,"[0, 2, 0, 0, 0, 0, 0, 0, 0, 0]","[0, 2, 0, 0, 0, 0, 0, 0, 0, 0]"
480,toàn gặp đồng đội afk bị trừ sao suốt,"[0, 2, 0, 0, 0, 0, 0, 2, 0, 0]","[0, 2, 0, 0, 2, 0, 0, 2, 0, 0]"
481,"3 ngày nay em không chơi game. tới ngày hôm sau vô ,tự nhiên tài khoản bị cấm không cho đăng nhập. . em không hiểu lý do gì mà lại cấm tài khoản của em.","[0, 0, 0, 2, 0, 0, 0, 0, 0, 0]","[0, 0, 0, 2, 0, 2, 0, 0, 0, 0]"
482,game không hay gì mình tải đã lâu mà không chơi được,"[0, 0, 0, 2, 0, 0, 0, 0, 0, 0]","[0, 0, 0, 2, 0, 0, 0, 0, 0, 0]"
483,"game ghép kiểu gì không hề cân sức tí nào luôn á , rồi tố cáo thì không được còn tranh lane tùm lum cơ chế tính điểm gì mà như tệ hại tính mvp kỳ vô cùng dị á, thật sự ghép 3,4 team đều y như 1 là không team nào ra team nào, chơi thì không nhìn map nhỏ đã ping tập hợp team nó ăn kk mà ping cũng như không đứa nào cũng có chiêu lướt mà không biết dùng rồi cái tt thì như tệ hại, lúc trước chơi có vậy đâu mà giờ chán hết nói nổi, leo rank chọn đường từ đầu mà vô vàn muốn tranh không hiểu nổi!!","[0, 2, 0, 0, 2, 0, 0, 2, 0, 0]","[0, 2, 0, 2, 2, 0, 0, 2, 0, 0]"
484,"bọn trong game nó ghim rồi giết tôi xong ra tố phá game, nhưng mà đã rất cố gắng rồi","[0, 0, 0, 0, 0, 0, 0, 2, 0, 0]","[0, 0, 0, 0, 2, 2, 0, 2, 0, 0]"
485,"game hay nhưng toàn ghép với team đánh không hay, nói thẳng ra là tệ hại","[0, 2, 0, 0, 0, 0, 0, 2, 0, 0]","[0, 2, 0, 0, 0, 0, 0, 2, 0, 0]"
486,với một người ít bạn trong game như mình thì mình mong game sẽ bỏ nhiệm vụ chơi cùng bạn trong ssm nó rất tốn thời gian,"[0, 0, 1, 0, 0, 1, 2, 0, 0, 0]","[0, 0, 0, 0, 0, 1, 0, 0, 0, 0]"
487,"game nên để tải dung lượng cho đúng, tôi tải dung lượng gần xong, rồi tôi bận lúc sau vào lại thì tải lại từ đầu","[0, 0, 0, 2, 0, 0, 0, 0, 0, 0]","[0, 0, 0, 2, 0, 0, 0, 0, 0, 0]"
488,đăng nhập tài khoản garena đúng mật khẩu rồi vẫn sai làm ăn kiểu kì vậy,"[0, 0, 0, 2, 0, 2, 0, 0, 0, 0]","[0, 0, 0, 2, 0, 2, 0, 0, 0, 0]"
489,chơi cứ như muối bỏ biển toàn gặp tệ hại,"[0, 2, 0, 0, 0, 0, 0, 2, 0, 0]","[0, 2, 0, 0, 0, 0, 0, 2, 0, 0]"
490,cập nhật cờ liên quân thêm 2 con tướng 6 sao không biết để làm gì ??,"[0, 0, 0, 0, 2, 0, 0, 0, 1, 0]","[0, 0, 0, 0, 2, 0, 0, 0, 0, 0]"
491,cơ chế ghép team như tệ hại,"[0, 2, 0, 0, 0, 0, 0, 0, 0, 0]","[0, 2, 0, 0, 0, 0, 0, 0, 0, 0]"
492,mạng bình thường mà vào trận còn không được tôi chịu,"[0, 0, 0, 2, 0, 0, 0, 0, 0, 0]","[0, 0, 0, 2, 0, 0, 0, 0, 0, 0]"
493,game tệ hại game kêu chơi 3 ván pvp thì không mất sao mà vẫn mất chơi thua 1 ván pvp thì từ rank kim cương 4 1 sao thành kim cương 5 2 sao,"[0, 0, 0, 0, 2, 0, 0, 0, 0, 0]","[0, 2, 0, 0, 0, 0, 0, 0, 0, 0]"
494,tải lâu,"[0, 0, 0, 2, 0, 0, 0, 0, 0, 0]","[0, 0, 0, 2, 0, 0, 0, 0, 0, 0]"
495,vẻ gì toàn chí mạng,"[0, 0, 0, 0, 2, 0, 0, 0, 0, 0]","[0, 0, 0, 0, 0, 0, 0, 2, 0, 0]"
496,nói thật là game chơi rất hay nhưng tôi không thích ở cái chỗ bị tố cáo là trừ uy tín mặc dù vô tội mong nhà phát hành xem xét,"[0, 0, 0, 0, 2, 1, 0, 0, 0, 0]","[0, 0, 0, 0, 2, 1, 0, 0, 0, 0]"
497,tụi nó afk mà tố cáo không được,"[0, 0, 0, 2, 0, 0, 0, 2, 0, 0]","[0, 0, 0, 0, 2, 2, 0, 2, 0, 0]"
498,game tiến hoá ngược,"[0, 0, 0, 0, 0, 0, 0, 0, 0, 0]","[0, 0, 0, 0, 0, 0, 0, 0, 0, 0]"
499,game tệ hại tinh anh rồi còn gặp mấy đứa ngu,"[0, 2, 0, 0, 0, 0, 0, 2, 0, 0]","[0, 2, 0, 0, 0, 0, 0, 2, 0, 0]"
500,trước khi chơi thì không chọn lane sẵn đi xong vào trận nó chọn cho không thích lại đi tranh lane đồng đội.tố cáo thì không bị trừ uy tín chịu luôn,"[0, 2, 0, 0, 2, 0, 0, 2, 0, 0]","[0, 2, 0, 0, 2, 2, 0, 2, 0, 0]"
501,"hệ thống ghép của game quá tệ hại khi mà rank kc ghép với đồng bạc vàng tràn lan , hay thì không nói nhưng đằng này lại chơi tệ hại , xin nhà phát hành sửa lại cơ chế ghép trận để không phải gặp những thành phần mới chơi tới tựa game này.","[0, 2, 0, 0, 0, 2, 0, 2, 0, 0]","[0, 2, 0, 0, 0, 1, 0, 2, 0, 0]"
502,văng ra liên tục,"[0, 0, 0, 2, 0, 0, 0, 0, 0, 0]","[0, 0, 0, 2, 0, 0, 0, 0, 0, 0]"
503,game tệ hại,"[0, 0, 2, 0, 0, 0, 0, 0, 0, 0]","[0, 0, 0, 0, 0, 0, 0, 0, 0, 0]"
504,game gì mạng lag cái là kêu afk tố cáo thì cũng trừ cho chơi thì cho không thì xóa game mẹ đi làm ăn như tệ hại,"[0, 0, 0, 2, 2, 2, 0, 2, 0, 0]","[0, 0, 0, 2, 2, 2, 0, 2, 0, 0]"
505,"ghép trận gặp gì đâu không, lâu lâu afk tố cáo cũng chả uy tín gì","[0, 2, 0, 0, 2, 0, 0, 2, 0, 0]","[0, 2, 0, 0, 2, 2, 0, 2, 0, 0]"
506,lỗi không load trận hoài,"[0, 0, 0, 2, 0, 0, 0, 0, 0, 0]","[0, 0, 0, 2, 0, 0, 0, 0, 0, 0]"
507,vô phần sự kiện tải không lên mấy lần rồi,"[0, 0, 0, 2, 0, 0, 0, 0, 0, 0]","[0, 0, 0, 2, 0, 0, 0, 0, 0, 0]"
508,liên quân xuống cấp là do cập nhật liên miên cấu hình cao quá chơi thì gặp pubg bẩn nên game thành game tệ hại,"[0, 2, 0, 2, 0, 0, 0, 2, 0, 0]","[0, 0, 0, 2, 0, 0, 0, 2, 0, 0]"
509,"game đôi khi mạng mạnh nhưng không di chuyển hay dùng chiêu được. đã thế lại còn bị khi đánh rank mà cứ báo afk. tệ hại đóng băng game của người ta mà cứ coi như afk. yêu cầu garena fix ngay lập tức! tôi vừa bị trừ 8 uy tín vì afk, trong khi rõ ràng mình bị game cho đóng băng dù mạng có 30 ms.","[0, 0, 0, 2, 0, 2, 0, 0, 0, 0]","[0, 0, 0, 2, 2, 2, 0, 0, 0, 0]"
510,má thua 5 trận toàn gặp thằng ngu,"[0, 2, 0, 0, 0, 0, 0, 2, 0, 0]","[0, 2, 0, 0, 0, 0, 0, 2, 0, 0]"
511,"cho đồ nhiều , nhưng cứ bị tố cáo và có rất nhiều người phá game , mà khó tố cáo thì không được . game quá tệ","[0, 0, 0, 0, 2, 2, 0, 2, 0, 0]","[0, 0, 0, 0, 2, 0, 0, 2, 0, 0]"
512,"ghép đội không cân bằng, team tôi đi đơn ghép team bạn đi đội, quá tệ hại","[0, 2, 0, 0, 0, 0, 0, 0, 0, 0]","[0, 2, 0, 0, 0, 0, 0, 0, 0, 0]"
513,"game cập nhật nhiều thứ hay nhưng chưa bao giờ phát triển máy chủ, lỗi bug rất nhiều và game lag kể cả khi mạng full cây","[0, 0, 0, 2, 0, 2, 0, 0, 0, 0]","[0, 0, 0, 2, 0, 0, 0, 0, 0, 0]"
514,"china new year hả mậy, có biết đang kiếm tiền ở đâu, kiếm tiền từ ai không vậy, đồ tệ hại.","[0, 0, 0, 0, 0, 2, 0, 0, 0, 0]","[0, 0, 2, 0, 0, 0, 0, 0, 0, 0]"
515,liên quân bây giờ cập nhật như mobile legends khác tệ hại gì đâu,"[0, 0, 0, 0, 2, 0, 0, 0, 0, 0]","[0, 0, 0, 2, 0, 0, 0, 0, 0, 0]"
516,game chơi không hiểu sao ghép team mình toàn tinh anh trong khi đấy mình rank cao thủ xong trận ra check thì team toàn mấy nghìn trận chưa lên nổi cao thủ còn team bạn thì chiến thần chiến tướng mong game sửa lại cái mục ghép team sao cho công bằng đi bảo sao mấy nay người ta sang game khác chơi nếu không sửa chắc tôi cũng xóa game quá,"[0, 2, 0, 0, 0, 1, 0, 0, 0, 0]","[0, 2, 0, 0, 0, 1, 0, 2, 0, 0]"
517,game tệ hại bắt chọn lane đã chọn lane mid là lane chính nhưng vô game 10 trận hết 10 trận pick cho lane support.,"[0, 2, 0, 0, 0, 0, 0, 0, 0, 0]","[0, 2, 0, 0, 0, 0, 0, 0, 0, 0]"
518,game tệ hại thế toàn gặp buff bẩn và feed mạng,"[0, 2, 0, 2, 0, 0, 0, 2, 0, 0]","[0, 2, 0, 0, 0, 0, 0, 2, 0, 0]"
519,game ghép lệch rank team mình thì trình anh team bạn thì cao thủ 5.6x ai mà đánh nổi,"[0, 2, 0, 0, 0, 0, 0, 0, 0, 0]","[0, 2, 0, 0, 0, 0, 0, 0, 0, 0]"
